"cluster.index","class","pred_prob","pred_bin","model_F1","model_AUC","thresh","type","TP","FN","TN","FP","models_type"
128,"Flavan3ol_Dimers",0.351,1,0.862068965517241,0.954292442731749,0.276,"Best_single",25,2,340,2,"M1_M2"
465,"Flavan3ol_Dimers",0.74,1,0.862068965517241,0.954292442731749,0.276,"Best_single",25,2,340,2,"M1_M2"
477,"Flavan3ol_Dimers",0.34,1,0.862068965517241,0.954292442731749,0.276,"Best_single",25,2,340,2,"M1_M2"
603,"Flavan3ol_Monomers",0.766,1,0.666666666666667,0.77991718426501,0.651,"Best_single",16,12,341,12,"M1_M2"
687,"Flavan3ol_Dimers",0.564,1,0.862068965517241,0.954292442731749,0.276,"Best_single",25,2,340,2,"M1_M2"
752,"Flavan3ol_Dimers",0.334,1,0.862068965517241,0.954292442731749,0.276,"Best_single",25,2,340,2,"M1_M2"
769,"Flavan3ol_Monomers",0.911,1,0.666666666666667,0.77991718426501,0.651,"Best_single",16,12,341,12,"M1_M2"
770,"Flavan3ol_Monomers",0.776,1,0.666666666666667,0.77991718426501,0.651,"Best_single",16,12,341,12,"M1_M2"
826,"Flavan3ol_Dimers",0.747,1,0.862068965517241,0.954292442731749,0.276,"Best_single",25,2,340,2,"M1_M2"
833,"Flavan3ol_Dimers",0.997,1,0.862068965517241,0.954292442731749,0.276,"Best_single",25,2,340,2,"M1_M2"
891,"Flavan3ol_Monomers",0.812,1,0.666666666666667,0.77991718426501,0.651,"Best_single",16,12,341,12,"M1_M2"
1004,"Flavan3ol_Dimers",0.829,1,0.862068965517241,0.954292442731749,0.276,"Best_single",25,2,340,2,"M1_M2"
1065,"Flavan3ol_Dimers",0.356,1,0.862068965517241,0.954292442731749,0.276,"Best_single",25,2,340,2,"M1_M2"
1116,"Flavan3ol_Dimers",0.842,1,0.862068965517241,0.954292442731749,0.276,"Best_single",25,2,340,2,"M1_M2"
1121,"Flavan3ol_Dimers",0.996,1,0.862068965517241,0.954292442731749,0.276,"Best_single",25,2,340,2,"M1_M2"
1134,"Flavan3ol_Dimers",0.494,1,0.862068965517241,0.954292442731749,0.276,"Best_single",25,2,340,2,"M1_M2"
1157,"Flavan3ol_Dimers",0.998,1,0.862068965517241,0.954292442731749,0.276,"Best_single",25,2,340,2,"M1_M2"
1163,"Flavan3ol_Dimers",0.303,1,0.862068965517241,0.954292442731749,0.276,"Best_single",25,2,340,2,"M1_M2"
1241,"Flavan3ol_Dimers",0.426,1,0.862068965517241,0.954292442731749,0.276,"Best_single",25,2,340,2,"M1_M2"
1247,"Flavan3ol_Dimers",0.74,1,0.862068965517241,0.954292442731749,0.276,"Best_single",25,2,340,2,"M1_M2"
1265,"Flavan3ol_Dimers",0.994,1,0.862068965517241,0.954292442731749,0.276,"Best_single",25,2,340,2,"M1_M2"
1399,"Flavan3ol_Dimers",0.348,1,0.862068965517241,0.954292442731749,0.276,"Best_single",25,2,340,2,"M1_M2"
1427,"Flavan3ol_Dimers",0.611,1,0.862068965517241,0.954292442731749,0.276,"Best_single",25,2,340,2,"M1_M2"
1448,"Flavan3ol_Dimers",0.654,1,0.862068965517241,0.954292442731749,0.276,"Best_single",25,2,340,2,"M1_M2"
1452,"Flavan3ol_Dimers",0.986,1,0.862068965517241,0.954292442731749,0.276,"Best_single",25,2,340,2,"M1_M2"
1464,"Flavan3ol_Dimers",0.925,1,0.862068965517241,0.954292442731749,0.276,"Best_single",25,2,340,2,"M1_M2"
1470,"Flavan3ol_Dimers",0.734,1,0.862068965517241,0.954292442731749,0.276,"Best_single",25,2,340,2,"M1_M2"
1484,"Flavan3ol_Dimers",0.543,1,0.862068965517241,0.954292442731749,0.276,"Best_single",25,2,340,2,"M1_M2"
1510,"Flavan3ol_Dimers",0.986,1,0.862068965517241,0.954292442731749,0.276,"Best_single",25,2,340,2,"M1_M2"
1556,"Flavan3ol_Dimers",0.976,1,0.862068965517241,0.954292442731749,0.276,"Best_single",25,2,340,2,"M1_M2"
1600,"Flavan3ol_Monomers",0.923,1,0.666666666666667,0.77991718426501,0.651,"Best_single",16,12,341,12,"M1_M2"
1643,"Flavan3ol_Dimers",0.994,1,0.862068965517241,0.954292442731749,0.276,"Best_single",25,2,340,2,"M1_M2"
1694,"Flavan3ol_Dimers",0.355,1,0.862068965517241,0.954292442731749,0.276,"Best_single",25,2,340,2,"M1_M2"
1777,"Flavan3ol_Dimers",0.991,1,0.862068965517241,0.954292442731749,0.276,"Best_single",25,2,340,2,"M1_M2"
1779,"Flavan3ol_Dimers",0.441,1,0.862068965517241,0.954292442731749,0.276,"Best_single",25,2,340,2,"M1_M2"
1793,"Flavan3ol_Dimers",0.844,1,0.862068965517241,0.954292442731749,0.276,"Best_single",25,2,340,2,"M1_M2"
1923,"Flavan3ol_Dimers",0.356,1,0.862068965517241,0.954292442731749,0.276,"Best_single",25,2,340,2,"M1_M2"
1927,"Flavan3ol_Dimers",0.965,1,0.862068965517241,0.954292442731749,0.276,"Best_single",25,2,340,2,"M1_M2"
1939,"Flavan3ol_Dimers",0.996,1,0.862068965517241,0.954292442731749,0.276,"Best_single",25,2,340,2,"M1_M2"
1971,"Flavan3ol_Dimers",0.554,1,0.862068965517241,0.954292442731749,0.276,"Best_single",25,2,340,2,"M1_M2"
1990,"Flavan3ol_Dimers",0.357,1,0.862068965517241,0.954292442731749,0.276,"Best_single",25,2,340,2,"M1_M2"
1998,"Flavan3ol_Monomers",0.773,1,0.666666666666667,0.77991718426501,0.651,"Best_single",16,12,341,12,"M1_M2"
2004,"Flavan3ol_Dimers",0.36,1,0.862068965517241,0.954292442731749,0.276,"Best_single",25,2,340,2,"M1_M2"
2036,"Flavan3ol_Dimers",0.998,1,0.862068965517241,0.954292442731749,0.276,"Best_single",25,2,340,2,"M1_M2"
2051,"Quinic_Acids_Deriv",0.423,1,0.8,0.881837606837607,0.391,"Best_single",10,3,358,3,"M1_M2"
2055,"Quinic_Acids_Deriv",0.72,1,0.8,0.881837606837607,0.391,"Best_single",10,3,358,3,"M1_M2"
2075,"Flavan3ol_Dimers",0.985,1,0.862068965517241,0.954292442731749,0.276,"Best_single",25,2,340,2,"M1_M2"
2123,"Flavan3ol_Dimers",0.829,1,0.862068965517241,0.954292442731749,0.276,"Best_single",25,2,340,2,"M1_M2"
2125,"Flavan3ol_Monomers",0.953,1,0.666666666666667,0.77991718426501,0.651,"Best_single",16,12,341,12,"M1_M2"
2137,"Flavan3ol_Dimers",0.837,1,0.862068965517241,0.954292442731749,0.276,"Best_single",25,2,340,2,"M1_M2"
2158,"Flavan3ol_Dimers",0.991,1,0.862068965517241,0.954292442731749,0.276,"Best_single",25,2,340,2,"M1_M2"
2159,"Flavan3ol_Dimers",0.864,1,0.862068965517241,0.954292442731749,0.276,"Best_single",25,2,340,2,"M1_M2"
2180,"Flavan3ol_Dimers",0.943,1,0.862068965517241,0.954292442731749,0.276,"Best_single",25,2,340,2,"M1_M2"
2190,"Flavan3ol_Dimers",0.876,1,0.862068965517241,0.954292442731749,0.276,"Best_single",25,2,340,2,"M1_M2"
2236,"Flavan3ol_Dimers",0.887,1,0.862068965517241,0.954292442731749,0.276,"Best_single",25,2,340,2,"M1_M2"
2275,"Flavan3ol_Dimers",0.53,1,0.862068965517241,0.954292442731749,0.276,"Best_single",25,2,340,2,"M1_M2"
2293,"Flavan3ol_Dimers",0.666,1,0.862068965517241,0.954292442731749,0.276,"Best_single",25,2,340,2,"M1_M2"
2298,"Flavan3ol_Dimers",0.908,1,0.862068965517241,0.954292442731749,0.276,"Best_single",25,2,340,2,"M1_M2"
2306,"Flavan3ol_Dimers",0.786,1,0.862068965517241,0.954292442731749,0.276,"Best_single",25,2,340,2,"M1_M2"
2313,"Flavan3ol_Dimers",0.341,1,0.862068965517241,0.954292442731749,0.276,"Best_single",25,2,340,2,"M1_M2"
2321,"Flavan3ol_Dimers",0.976,1,0.862068965517241,0.954292442731749,0.276,"Best_single",25,2,340,2,"M1_M2"
2429,"Flavan3ol_Dimers",0.837,1,0.862068965517241,0.954292442731749,0.276,"Best_single",25,2,340,2,"M1_M2"
2464,"Flavan3ol_Monomers",0.66,1,0.666666666666667,0.77991718426501,0.651,"Best_single",16,12,341,12,"M1_M2"
2474,"Flavan3ol_Dimers",0.85,1,0.862068965517241,0.954292442731749,0.276,"Best_single",25,2,340,2,"M1_M2"
2548,"Flavan3ol_Dimers",0.36,1,0.862068965517241,0.954292442731749,0.276,"Best_single",25,2,340,2,"M1_M2"
2571,"Flavan3ol_Dimers",0.973,1,0.862068965517241,0.954292442731749,0.276,"Best_single",25,2,340,2,"M1_M2"
2576,"Quinic_Acids_Deriv",0.466,1,0.8,0.881837606837607,0.391,"Best_single",10,3,358,3,"M1_M2"
2589,"Flavan3ol_Dimers",0.829,1,0.862068965517241,0.954292442731749,0.276,"Best_single",25,2,340,2,"M1_M2"
2594,"Flavan3ol_Dimers",0.538,1,0.862068965517241,0.954292442731749,0.276,"Best_single",25,2,340,2,"M1_M2"
2679,"Flavan3ol_Dimers",0.312,1,0.862068965517241,0.954292442731749,0.276,"Best_single",25,2,340,2,"M1_M2"
2720,"Flavan3ol_Dimers",0.99,1,0.862068965517241,0.954292442731749,0.276,"Best_single",25,2,340,2,"M1_M2"
2759,"Flavan3ol_Dimers",0.303,1,0.862068965517241,0.954292442731749,0.276,"Best_single",25,2,340,2,"M1_M2"
2762,"Flavan3ol_Dimers",0.624,1,0.862068965517241,0.954292442731749,0.276,"Best_single",25,2,340,2,"M1_M2"
2804,"Flavan3ol_Dimers",0.987,1,0.862068965517241,0.954292442731749,0.276,"Best_single",25,2,340,2,"M1_M2"
2812,"Flavan3ol_Dimers",0.717,1,0.862068965517241,0.954292442731749,0.276,"Best_single",25,2,340,2,"M1_M2"
2839,"Quinic_Acids_Deriv",0.601,1,0.8,0.881837606837607,0.391,"Best_single",10,3,358,3,"M1_M2"
2850,"Flavan3ol_Dimers",0.939,1,0.862068965517241,0.954292442731749,0.276,"Best_single",25,2,340,2,"M1_M2"
2871,"Flavan3ol_Dimers",0.29,1,0.862068965517241,0.954292442731749,0.276,"Best_single",25,2,340,2,"M1_M2"
2886,"Flavan3ol_Dimers",0.345,1,0.862068965517241,0.954292442731749,0.276,"Best_single",25,2,340,2,"M1_M2"
2889,"Flavan3ol_Monomers",0.677,1,0.666666666666667,0.77991718426501,0.651,"Best_single",16,12,341,12,"M1_M2"
2891,"Flavan3ol_Dimers",0.971,1,0.862068965517241,0.954292442731749,0.276,"Best_single",25,2,340,2,"M1_M2"
2965,"Flavan3ol_Dimers",0.345,1,0.862068965517241,0.954292442731749,0.276,"Best_single",25,2,340,2,"M1_M2"
3055,"Flavan3ol_Monomers",0.677,1,0.666666666666667,0.77991718426501,0.651,"Best_single",16,12,341,12,"M1_M2"
3068,"Flavan3ol_Dimers",0.934,1,0.862068965517241,0.954292442731749,0.276,"Best_single",25,2,340,2,"M1_M2"
3079,"Flavan3ol_Dimers",0.945,1,0.862068965517241,0.954292442731749,0.276,"Best_single",25,2,340,2,"M1_M2"
3093,"Flavan3ol_Dimers",0.299,1,0.862068965517241,0.954292442731749,0.276,"Best_single",25,2,340,2,"M1_M2"
3103,"Flavan3ol_Dimers",0.538,1,0.862068965517241,0.954292442731749,0.276,"Best_single",25,2,340,2,"M1_M2"
3124,"Flavan3ol_Dimers",0.534,1,0.862068965517241,0.954292442731749,0.276,"Best_single",25,2,340,2,"M1_M2"
3131,"Flavan3ol_Dimers",0.938,1,0.862068965517241,0.954292442731749,0.276,"Best_single",25,2,340,2,"M1_M2"
3222,"Flavan3ol_Dimers",0.507,1,0.862068965517241,0.954292442731749,0.276,"Best_single",25,2,340,2,"M1_M2"
3262,"Flavan3ol_Monomers",1,1,0.666666666666667,0.77991718426501,0.651,"Best_single",16,12,341,12,"M1_M2"
3266,"Flavan3ol_Dimers",0.973,1,0.862068965517241,0.954292442731749,0.276,"Best_single",25,2,340,2,"M1_M2"
3277,"Flavan3ol_Dimers",0.36,1,0.862068965517241,0.954292442731749,0.276,"Best_single",25,2,340,2,"M1_M2"
3298,"Flavan3ol_Dimers",0.936,1,0.862068965517241,0.954292442731749,0.276,"Best_single",25,2,340,2,"M1_M2"
3314,"Flavan3ol_Dimers",0.599,1,0.862068965517241,0.954292442731749,0.276,"Best_single",25,2,340,2,"M1_M2"
3346,"Flavan3ol_Dimers",0.895,1,0.862068965517241,0.954292442731749,0.276,"Best_single",25,2,340,2,"M1_M2"
3356,"Flavan3ol_Dimers",0.674,1,0.862068965517241,0.954292442731749,0.276,"Best_single",25,2,340,2,"M1_M2"
3356,"Flavan3ol_Monomers",0.79,1,0.666666666666667,0.77991718426501,0.651,"Best_single",16,12,341,12,"M1_M2"
3361,"Flavan3ol_Dimers",0.36,1,0.862068965517241,0.954292442731749,0.276,"Best_single",25,2,340,2,"M1_M2"
3378,"Flavan3ol_Dimers",0.874,1,0.862068965517241,0.954292442731749,0.276,"Best_single",25,2,340,2,"M1_M2"
3397,"Flavan3ol_Dimers",0.99,1,0.862068965517241,0.954292442731749,0.276,"Best_single",25,2,340,2,"M1_M2"
3479,"Flavan3ol_Dimers",0.843,1,0.862068965517241,0.954292442731749,0.276,"Best_single",25,2,340,2,"M1_M2"
3511,"Flavan3ol_Dimers",0.539,1,0.862068965517241,0.954292442731749,0.276,"Best_single",25,2,340,2,"M1_M2"
3562,"Quinic_Acids_Deriv",0.646,1,0.8,0.881837606837607,0.391,"Best_single",10,3,358,3,"M1_M2"
3582,"Flavan3ol_Dimers",0.958,1,0.862068965517241,0.954292442731749,0.276,"Best_single",25,2,340,2,"M1_M2"
3601,"Flavan3ol_Dimers",0.811,1,0.862068965517241,0.954292442731749,0.276,"Best_single",25,2,340,2,"M1_M2"
3603,"Flavan3ol_Dimers",0.996,1,0.862068965517241,0.954292442731749,0.276,"Best_single",25,2,340,2,"M1_M2"
3615,"Flavan3ol_Dimers",0.998,1,0.862068965517241,0.954292442731749,0.276,"Best_single",25,2,340,2,"M1_M2"
3644,"Flavan3ol_Monomers",0.972,1,0.666666666666667,0.77991718426501,0.651,"Best_single",16,12,341,12,"M1_M2"
3653,"Flavan3ol_Monomers",1,1,0.666666666666667,0.77991718426501,0.651,"Best_single",16,12,341,12,"M1_M2"
3668,"Flavan3ol_Dimers",0.938,1,0.862068965517241,0.954292442731749,0.276,"Best_single",25,2,340,2,"M1_M2"
3669,"Flavan3ol_Dimers",0.569,1,0.862068965517241,0.954292442731749,0.276,"Best_single",25,2,340,2,"M1_M2"
3676,"Flavan3ol_Dimers",0.687,1,0.862068965517241,0.954292442731749,0.276,"Best_single",25,2,340,2,"M1_M2"
3680,"Flavan3ol_Dimers",0.87,1,0.862068965517241,0.954292442731749,0.276,"Best_single",25,2,340,2,"M1_M2"
3728,"Flavan3ol_Dimers",0.978,1,0.862068965517241,0.954292442731749,0.276,"Best_single",25,2,340,2,"M1_M2"
3738,"Flavan3ol_Dimers",0.627,1,0.862068965517241,0.954292442731749,0.276,"Best_single",25,2,340,2,"M1_M2"
3758,"Flavan3ol_Dimers",0.986,1,0.862068965517241,0.954292442731749,0.276,"Best_single",25,2,340,2,"M1_M2"
3764,"Flavan3ol_Dimers",0.903,1,0.862068965517241,0.954292442731749,0.276,"Best_single",25,2,340,2,"M1_M2"
3792,"Flavan3ol_Dimers",0.989,1,0.862068965517241,0.954292442731749,0.276,"Best_single",25,2,340,2,"M1_M2"
3806,"Flavan3ol_Dimers",0.904,1,0.862068965517241,0.954292442731749,0.276,"Best_single",25,2,340,2,"M1_M2"
3814,"Flavan3ol_Dimers",0.992,1,0.862068965517241,0.954292442731749,0.276,"Best_single",25,2,340,2,"M1_M2"
3816,"Flavan3ol_Dimers",0.915,1,0.862068965517241,0.954292442731749,0.276,"Best_single",25,2,340,2,"M1_M2"
3823,"Flavan3ol_Dimers",0.993,1,0.862068965517241,0.954292442731749,0.276,"Best_single",25,2,340,2,"M1_M2"
3836,"Flavan3ol_Dimers",0.992,1,0.862068965517241,0.954292442731749,0.276,"Best_single",25,2,340,2,"M1_M2"
3842,"Flavan3ol_Monomers",0.675,1,0.666666666666667,0.77991718426501,0.651,"Best_single",16,12,341,12,"M1_M2"
3880,"Flavan3ol_Dimers",0.712,1,0.862068965517241,0.954292442731749,0.276,"Best_single",25,2,340,2,"M1_M2"
3887,"Flavan3ol_Dimers",0.61,1,0.862068965517241,0.954292442731749,0.276,"Best_single",25,2,340,2,"M1_M2"
3899,"Flavan3ol_Dimers",0.941,1,0.862068965517241,0.954292442731749,0.276,"Best_single",25,2,340,2,"M1_M2"
3912,"Flavan3ol_Dimers",0.49,1,0.862068965517241,0.954292442731749,0.276,"Best_single",25,2,340,2,"M1_M2"
3964,"Flavan3ol_Monomers",1,1,0.666666666666667,0.77991718426501,0.651,"Best_single",16,12,341,12,"M1_M2"
3998,"Flavan3ol_Dimers",0.284,1,0.862068965517241,0.954292442731749,0.276,"Best_single",25,2,340,2,"M1_M2"
4001,"Flavan3ol_Dimers",0.789,1,0.862068965517241,0.954292442731749,0.276,"Best_single",25,2,340,2,"M1_M2"
4006,"Flavan3ol_Dimers",0.99,1,0.862068965517241,0.954292442731749,0.276,"Best_single",25,2,340,2,"M1_M2"
4171,"Flavan3ol_Dimers",0.87,1,0.862068965517241,0.954292442731749,0.276,"Best_single",25,2,340,2,"M1_M2"
4191,"Quinic_Acids_Deriv",0.458,1,0.8,0.881837606837607,0.391,"Best_single",10,3,358,3,"M1_M2"
4212,"Flavan3ol_Monomers",0.772,1,0.666666666666667,0.77991718426501,0.651,"Best_single",16,12,341,12,"M1_M2"
4241,"Flavan3ol_Dimers",0.872,1,0.862068965517241,0.954292442731749,0.276,"Best_single",25,2,340,2,"M1_M2"
4269,"Flavan3ol_Monomers",0.684,1,0.666666666666667,0.77991718426501,0.651,"Best_single",16,12,341,12,"M1_M2"
4293,"Flavan3ol_Monomers",0.911,1,0.666666666666667,0.77991718426501,0.651,"Best_single",16,12,341,12,"M1_M2"
4295,"Flavan3ol_Dimers",0.982,1,0.862068965517241,0.954292442731749,0.276,"Best_single",25,2,340,2,"M1_M2"
4414,"Flavan3ol_Dimers",0.866,1,0.862068965517241,0.954292442731749,0.276,"Best_single",25,2,340,2,"M1_M2"
4453,"Flavan3ol_Dimers",0.586,1,0.862068965517241,0.954292442731749,0.276,"Best_single",25,2,340,2,"M1_M2"
4461,"Flavan3ol_Dimers",0.322,1,0.862068965517241,0.954292442731749,0.276,"Best_single",25,2,340,2,"M1_M2"
4479,"Flavan3ol_Dimers",0.871,1,0.862068965517241,0.954292442731749,0.276,"Best_single",25,2,340,2,"M1_M2"
4527,"Flavan3ol_Dimers",0.987,1,0.862068965517241,0.954292442731749,0.276,"Best_single",25,2,340,2,"M1_M2"
4572,"Flavan3ol_Dimers",0.345,1,0.862068965517241,0.954292442731749,0.276,"Best_single",25,2,340,2,"M1_M2"
4597,"Flavan3ol_Dimers",0.996,1,0.862068965517241,0.954292442731749,0.276,"Best_single",25,2,340,2,"M1_M2"
4628,"Flavan3ol_Monomers",0.71,1,0.666666666666667,0.77991718426501,0.651,"Best_single",16,12,341,12,"M1_M2"
4633,"Quinic_Acids_Deriv",0.553,1,0.8,0.881837606837607,0.391,"Best_single",10,3,358,3,"M1_M2"
4640,"Flavan3ol_Dimers",0.382,1,0.862068965517241,0.954292442731749,0.276,"Best_single",25,2,340,2,"M1_M2"
4690,"Flavan3ol_Dimers",0.421,1,0.862068965517241,0.954292442731749,0.276,"Best_single",25,2,340,2,"M1_M2"
4706,"Flavan3ol_Dimers",0.34,1,0.862068965517241,0.954292442731749,0.276,"Best_single",25,2,340,2,"M1_M2"
4715,"Flavan3ol_Monomers",0.832,1,0.666666666666667,0.77991718426501,0.651,"Best_single",16,12,341,12,"M1_M2"
4721,"Flavan3ol_Dimers",0.966,1,0.862068965517241,0.954292442731749,0.276,"Best_single",25,2,340,2,"M1_M2"
4735,"Flavan3ol_Dimers",0.729,1,0.862068965517241,0.954292442731749,0.276,"Best_single",25,2,340,2,"M1_M2"
4765,"Flavan3ol_Dimers",0.987,1,0.862068965517241,0.954292442731749,0.276,"Best_single",25,2,340,2,"M1_M2"
4771,"Quinic_Acids_Deriv",0.735,1,0.8,0.881837606837607,0.391,"Best_single",10,3,358,3,"M1_M2"
4825,"Quinic_Acids_Deriv",0.437,1,0.8,0.881837606837607,0.391,"Best_single",10,3,358,3,"M1_M2"
4866,"Flavan3ol_Dimers",0.317,1,0.862068965517241,0.954292442731749,0.276,"Best_single",25,2,340,2,"M1_M2"
4903,"Flavan3ol_Dimers",0.418,1,0.862068965517241,0.954292442731749,0.276,"Best_single",25,2,340,2,"M1_M2"
4912,"Flavan3ol_Dimers",0.947,1,0.862068965517241,0.954292442731749,0.276,"Best_single",25,2,340,2,"M1_M2"
4928,"Flavan3ol_Dimers",0.831,1,0.862068965517241,0.954292442731749,0.276,"Best_single",25,2,340,2,"M1_M2"
4952,"Flavan3ol_Dimers",0.965,1,0.862068965517241,0.954292442731749,0.276,"Best_single",25,2,340,2,"M1_M2"
4991,"Quinic_Acids_Deriv",0.463,1,0.8,0.881837606837607,0.391,"Best_single",10,3,358,3,"M1_M2"
5006,"Flavan3ol_Dimers",0.992,1,0.862068965517241,0.954292442731749,0.276,"Best_single",25,2,340,2,"M1_M2"
5019,"Flavan3ol_Dimers",0.94,1,0.862068965517241,0.954292442731749,0.276,"Best_single",25,2,340,2,"M1_M2"
5024,"Quinic_Acids_Deriv",0.636,1,0.8,0.881837606837607,0.391,"Best_single",10,3,358,3,"M1_M2"
5051,"Flavan3ol_Monomers",0.659,1,0.666666666666667,0.77991718426501,0.651,"Best_single",16,12,341,12,"M1_M2"
5099,"Flavan3ol_Dimers",0.652,1,0.862068965517241,0.954292442731749,0.276,"Best_single",25,2,340,2,"M1_M2"
5114,"Quinic_Acids_Deriv",0.719,1,0.8,0.881837606837607,0.391,"Best_single",10,3,358,3,"M1_M2"
5119,"Flavan3ol_Dimers",0.94,1,0.862068965517241,0.954292442731749,0.276,"Best_single",25,2,340,2,"M1_M2"
5155,"Flavan3ol_Monomers",1,1,0.666666666666667,0.77991718426501,0.651,"Best_single",16,12,341,12,"M1_M2"
5216,"Flavan3ol_Dimers",0.904,1,0.862068965517241,0.954292442731749,0.276,"Best_single",25,2,340,2,"M1_M2"
5217,"Flavan3ol_Dimers",0.844,1,0.862068965517241,0.954292442731749,0.276,"Best_single",25,2,340,2,"M1_M2"
5224,"Flavan3ol_Dimers",0.979,1,0.862068965517241,0.954292442731749,0.276,"Best_single",25,2,340,2,"M1_M2"
5258,"Flavan3ol_Dimers",0.859,1,0.862068965517241,0.954292442731749,0.276,"Best_single",25,2,340,2,"M1_M2"
5260,"Flavan3ol_Dimers",0.582,1,0.862068965517241,0.954292442731749,0.276,"Best_single",25,2,340,2,"M1_M2"
5267,"Flavan3ol_Dimers",0.858,1,0.862068965517241,0.954292442731749,0.276,"Best_single",25,2,340,2,"M1_M2"
5268,"Flavan3ol_Dimers",0.279,1,0.862068965517241,0.954292442731749,0.276,"Best_single",25,2,340,2,"M1_M2"
5269,"Flavan3ol_Dimers",0.797,1,0.862068965517241,0.954292442731749,0.276,"Best_single",25,2,340,2,"M1_M2"
5307,"Flavan3ol_Monomers",0.892,1,0.666666666666667,0.77991718426501,0.651,"Best_single",16,12,341,12,"M1_M2"
5320,"Flavan3ol_Dimers",0.982,1,0.862068965517241,0.954292442731749,0.276,"Best_single",25,2,340,2,"M1_M2"
5323,"Flavan3ol_Dimers",0.988,1,0.862068965517241,0.954292442731749,0.276,"Best_single",25,2,340,2,"M1_M2"
5341,"Flavan3ol_Dimers",0.355,1,0.862068965517241,0.954292442731749,0.276,"Best_single",25,2,340,2,"M1_M2"
5368,"Flavan3ol_Monomers",0.684,1,0.666666666666667,0.77991718426501,0.651,"Best_single",16,12,341,12,"M1_M2"
5400,"Quinic_Acids_Deriv",0.522,1,0.8,0.881837606837607,0.391,"Best_single",10,3,358,3,"M1_M2"
5412,"Flavan3ol_Dimers",0.313,1,0.862068965517241,0.954292442731749,0.276,"Best_single",25,2,340,2,"M1_M2"
5415,"Flavan3ol_Dimers",0.685,1,0.862068965517241,0.954292442731749,0.276,"Best_single",25,2,340,2,"M1_M2"
5418,"Flavan3ol_Dimers",0.987,1,0.862068965517241,0.954292442731749,0.276,"Best_single",25,2,340,2,"M1_M2"
5464,"Flavan3ol_Dimers",0.746,1,0.862068965517241,0.954292442731749,0.276,"Best_single",25,2,340,2,"M1_M2"
5474,"Flavan3ol_Monomers",0.925,1,0.666666666666667,0.77991718426501,0.651,"Best_single",16,12,341,12,"M1_M2"
5516,"Flavan3ol_Dimers",0.646,1,0.862068965517241,0.954292442731749,0.276,"Best_single",25,2,340,2,"M1_M2"
5541,"Flavan3ol_Dimers",0.944,1,0.862068965517241,0.954292442731749,0.276,"Best_single",25,2,340,2,"M1_M2"
5547,"Flavan3ol_Dimers",0.282,1,0.862068965517241,0.954292442731749,0.276,"Best_single",25,2,340,2,"M1_M2"
5551,"Flavan3ol_Dimers",0.522,1,0.862068965517241,0.954292442731749,0.276,"Best_single",25,2,340,2,"M1_M2"
5558,"Flavan3ol_Dimers",0.557,1,0.862068965517241,0.954292442731749,0.276,"Best_single",25,2,340,2,"M1_M2"
5572,"Flavan3ol_Dimers",0.878,1,0.862068965517241,0.954292442731749,0.276,"Best_single",25,2,340,2,"M1_M2"
5575,"Flavan3ol_Dimers",0.691,1,0.862068965517241,0.954292442731749,0.276,"Best_single",25,2,340,2,"M1_M2"
5585,"Flavan3ol_Dimers",0.797,1,0.862068965517241,0.954292442731749,0.276,"Best_single",25,2,340,2,"M1_M2"
5597,"Flavan3ol_Dimers",0.766,1,0.862068965517241,0.954292442731749,0.276,"Best_single",25,2,340,2,"M1_M2"
5632,"Flavan3ol_Dimers",0.44,1,0.862068965517241,0.954292442731749,0.276,"Best_single",25,2,340,2,"M1_M2"
5637,"Flavan3ol_Dimers",0.657,1,0.862068965517241,0.954292442731749,0.276,"Best_single",25,2,340,2,"M1_M2"
5674,"Flavan3ol_Dimers",0.685,1,0.862068965517241,0.954292442731749,0.276,"Best_single",25,2,340,2,"M1_M2"
5678,"Flavan3ol_Dimers",0.951,1,0.862068965517241,0.954292442731749,0.276,"Best_single",25,2,340,2,"M1_M2"
5695,"Flavan3ol_Dimers",0.39,1,0.862068965517241,0.954292442731749,0.276,"Best_single",25,2,340,2,"M1_M2"
5812,"Flavan3ol_Dimers",0.621,1,0.862068965517241,0.954292442731749,0.276,"Best_single",25,2,340,2,"M1_M2"
5817,"Flavan3ol_Dimers",0.844,1,0.862068965517241,0.954292442731749,0.276,"Best_single",25,2,340,2,"M1_M2"
5828,"Flavan3ol_Dimers",0.48,1,0.862068965517241,0.954292442731749,0.276,"Best_single",25,2,340,2,"M1_M2"
5851,"Flavan3ol_Dimers",0.666,1,0.862068965517241,0.954292442731749,0.276,"Best_single",25,2,340,2,"M1_M2"
5870,"Flavan3ol_Dimers",0.8,1,0.862068965517241,0.954292442731749,0.276,"Best_single",25,2,340,2,"M1_M2"
5874,"Flavan3ol_Dimers",0.355,1,0.862068965517241,0.954292442731749,0.276,"Best_single",25,2,340,2,"M1_M2"
5891,"Flavan3ol_Dimers",0.996,1,0.862068965517241,0.954292442731749,0.276,"Best_single",25,2,340,2,"M1_M2"
5910,"Flavan3ol_Monomers",0.888,1,0.666666666666667,0.77991718426501,0.651,"Best_single",16,12,341,12,"M1_M2"
5939,"Flavan3ol_Dimers",0.287,1,0.862068965517241,0.954292442731749,0.276,"Best_single",25,2,340,2,"M1_M2"
5939,"Flavan3ol_Monomers",0.755,1,0.666666666666667,0.77991718426501,0.651,"Best_single",16,12,341,12,"M1_M2"
5955,"Quinic_Acids_Deriv",0.41,1,0.8,0.881837606837607,0.391,"Best_single",10,3,358,3,"M1_M2"
5975,"Quinic_Acids_Deriv",0.415,1,0.8,0.881837606837607,0.391,"Best_single",10,3,358,3,"M1_M2"
6030,"Flavan3ol_Dimers",0.363,1,0.862068965517241,0.954292442731749,0.276,"Best_single",25,2,340,2,"M1_M2"
6041,"Flavan3ol_Monomers",1,1,0.666666666666667,0.77991718426501,0.651,"Best_single",16,12,341,12,"M1_M2"
6056,"Flavan3ol_Dimers",0.987,1,0.862068965517241,0.954292442731749,0.276,"Best_single",25,2,340,2,"M1_M2"
6124,"Flavan3ol_Monomers",0.833,1,0.666666666666667,0.77991718426501,0.651,"Best_single",16,12,341,12,"M1_M2"
6147,"Flavan3ol_Dimers",0.956,1,0.862068965517241,0.954292442731749,0.276,"Best_single",25,2,340,2,"M1_M2"
6189,"Flavan3ol_Dimers",0.993,1,0.862068965517241,0.954292442731749,0.276,"Best_single",25,2,340,2,"M1_M2"
6192,"Flavan3ol_Dimers",0.345,1,0.862068965517241,0.954292442731749,0.276,"Best_single",25,2,340,2,"M1_M2"
6195,"Flavan3ol_Dimers",0.359,1,0.862068965517241,0.954292442731749,0.276,"Best_single",25,2,340,2,"M1_M2"
6229,"Flavan3ol_Monomers",0.843,1,0.666666666666667,0.77991718426501,0.651,"Best_single",16,12,341,12,"M1_M2"
6231,"Flavan3ol_Dimers",0.469,1,0.862068965517241,0.954292442731749,0.276,"Best_single",25,2,340,2,"M1_M2"
6301,"Flavan3ol_Dimers",0.99,1,0.862068965517241,0.954292442731749,0.276,"Best_single",25,2,340,2,"M1_M2"
6302,"Flavan3ol_Dimers",0.938,1,0.862068965517241,0.954292442731749,0.276,"Best_single",25,2,340,2,"M1_M2"
6305,"Flavan3ol_Dimers",0.552,1,0.862068965517241,0.954292442731749,0.276,"Best_single",25,2,340,2,"M1_M2"
6329,"Flavan3ol_Dimers",0.996,1,0.862068965517241,0.954292442731749,0.276,"Best_single",25,2,340,2,"M1_M2"
6375,"Flavan3ol_Dimers",0.573,1,0.862068965517241,0.954292442731749,0.276,"Best_single",25,2,340,2,"M1_M2"
6389,"Flavan3ol_Dimers",0.982,1,0.862068965517241,0.954292442731749,0.276,"Best_single",25,2,340,2,"M1_M2"
6392,"Flavan3ol_Monomers",0.778,1,0.666666666666667,0.77991718426501,0.651,"Best_single",16,12,341,12,"M1_M2"
6487,"Quinic_Acids_Deriv",0.482,1,0.8,0.881837606837607,0.391,"Best_single",10,3,358,3,"M1_M2"
6493,"Flavan3ol_Dimers",0.356,1,0.862068965517241,0.954292442731749,0.276,"Best_single",25,2,340,2,"M1_M2"
6513,"Flavan3ol_Dimers",0.491,1,0.862068965517241,0.954292442731749,0.276,"Best_single",25,2,340,2,"M1_M2"
6523,"Flavan3ol_Dimers",0.539,1,0.862068965517241,0.954292442731749,0.276,"Best_single",25,2,340,2,"M1_M2"
6552,"Flavan3ol_Dimers",0.754,1,0.862068965517241,0.954292442731749,0.276,"Best_single",25,2,340,2,"M1_M2"
6567,"Flavan3ol_Dimers",0.981,1,0.862068965517241,0.954292442731749,0.276,"Best_single",25,2,340,2,"M1_M2"
6572,"Flavan3ol_Dimers",0.996,1,0.862068965517241,0.954292442731749,0.276,"Best_single",25,2,340,2,"M1_M2"
6625,"Flavan3ol_Dimers",0.737,1,0.862068965517241,0.954292442731749,0.276,"Best_single",25,2,340,2,"M1_M2"
6627,"Flavan3ol_Dimers",0.945,1,0.862068965517241,0.954292442731749,0.276,"Best_single",25,2,340,2,"M1_M2"
6651,"Flavan3ol_Dimers",0.888,1,0.862068965517241,0.954292442731749,0.276,"Best_single",25,2,340,2,"M1_M2"
6671,"Flavan3ol_Monomers",0.671,1,0.666666666666667,0.77991718426501,0.651,"Best_single",16,12,341,12,"M1_M2"
6694,"Flavan3ol_Dimers",0.499,1,0.862068965517241,0.954292442731749,0.276,"Best_single",25,2,340,2,"M1_M2"
6711,"Flavan3ol_Dimers",0.417,1,0.862068965517241,0.954292442731749,0.276,"Best_single",25,2,340,2,"M1_M2"
6777,"Flavan3ol_Dimers",0.831,1,0.862068965517241,0.954292442731749,0.276,"Best_single",25,2,340,2,"M1_M2"
6790,"Flavan3ol_Dimers",0.524,1,0.862068965517241,0.954292442731749,0.276,"Best_single",25,2,340,2,"M1_M2"
6798,"Flavan3ol_Monomers",0.849,1,0.666666666666667,0.77991718426501,0.651,"Best_single",16,12,341,12,"M1_M2"
6801,"Flavan3ol_Dimers",0.431,1,0.862068965517241,0.954292442731749,0.276,"Best_single",25,2,340,2,"M1_M2"
6812,"Flavan3ol_Dimers",0.869,1,0.862068965517241,0.954292442731749,0.276,"Best_single",25,2,340,2,"M1_M2"
6829,"Flavan3ol_Dimers",0.418,1,0.862068965517241,0.954292442731749,0.276,"Best_single",25,2,340,2,"M1_M2"
6845,"Flavan3ol_Monomers",0.936,1,0.666666666666667,0.77991718426501,0.651,"Best_single",16,12,341,12,"M1_M2"
6853,"Flavan3ol_Dimers",0.517,1,0.862068965517241,0.954292442731749,0.276,"Best_single",25,2,340,2,"M1_M2"
6866,"Flavan3ol_Dimers",0.681,1,0.862068965517241,0.954292442731749,0.276,"Best_single",25,2,340,2,"M1_M2"
6866,"Flavan3ol_Monomers",0.767,1,0.666666666666667,0.77991718426501,0.651,"Best_single",16,12,341,12,"M1_M2"
6872,"Flavan3ol_Monomers",0.919,1,0.666666666666667,0.77991718426501,0.651,"Best_single",16,12,341,12,"M1_M2"
6893,"Flavan3ol_Dimers",0.992,1,0.862068965517241,0.954292442731749,0.276,"Best_single",25,2,340,2,"M1_M2"
6918,"Flavan3ol_Monomers",0.828,1,0.666666666666667,0.77991718426501,0.651,"Best_single",16,12,341,12,"M1_M2"
6935,"Flavan3ol_Monomers",0.76,1,0.666666666666667,0.77991718426501,0.651,"Best_single",16,12,341,12,"M1_M2"
6941,"Flavan3ol_Dimers",0.903,1,0.862068965517241,0.954292442731749,0.276,"Best_single",25,2,340,2,"M1_M2"
6956,"Flavan3ol_Dimers",0.986,1,0.862068965517241,0.954292442731749,0.276,"Best_single",25,2,340,2,"M1_M2"
6962,"Flavan3ol_Dimers",0.496,1,0.862068965517241,0.954292442731749,0.276,"Best_single",25,2,340,2,"M1_M2"
6975,"Flavan3ol_Monomers",0.747,1,0.666666666666667,0.77991718426501,0.651,"Best_single",16,12,341,12,"M1_M2"
7010,"Flavan3ol_Dimers",0.864,1,0.862068965517241,0.954292442731749,0.276,"Best_single",25,2,340,2,"M1_M2"
7035,"Flavan3ol_Dimers",0.395,1,0.862068965517241,0.954292442731749,0.276,"Best_single",25,2,340,2,"M1_M2"
7035,"Flavan3ol_Monomers",0.693,1,0.666666666666667,0.77991718426501,0.651,"Best_single",16,12,341,12,"M1_M2"
7040,"Flavan3ol_Dimers",0.981,1,0.862068965517241,0.954292442731749,0.276,"Best_single",25,2,340,2,"M1_M2"
7053,"Quinic_Acids_Deriv",0.471,1,0.8,0.881837606837607,0.391,"Best_single",10,3,358,3,"M1_M2"
7057,"Flavan3ol_Dimers",0.958,1,0.862068965517241,0.954292442731749,0.276,"Best_single",25,2,340,2,"M1_M2"
7064,"Flavan3ol_Dimers",0.987,1,0.862068965517241,0.954292442731749,0.276,"Best_single",25,2,340,2,"M1_M2"
7086,"Flavan3ol_Dimers",0.344,1,0.862068965517241,0.954292442731749,0.276,"Best_single",25,2,340,2,"M1_M2"
7090,"Flavan3ol_Dimers",0.864,1,0.862068965517241,0.954292442731749,0.276,"Best_single",25,2,340,2,"M1_M2"
7092,"Flavan3ol_Monomers",0.773,1,0.666666666666667,0.77991718426501,0.651,"Best_single",16,12,341,12,"M1_M2"
7098,"Flavan3ol_Dimers",0.745,1,0.862068965517241,0.954292442731749,0.276,"Best_single",25,2,340,2,"M1_M2"
7102,"Flavan3ol_Monomers",1,1,0.666666666666667,0.77991718426501,0.651,"Best_single",16,12,341,12,"M1_M2"
7112,"Flavan3ol_Dimers",0.431,1,0.862068965517241,0.954292442731749,0.276,"Best_single",25,2,340,2,"M1_M2"
7121,"Flavan3ol_Dimers",0.334,1,0.862068965517241,0.954292442731749,0.276,"Best_single",25,2,340,2,"M1_M2"
7125,"Flavan3ol_Dimers",0.932,1,0.862068965517241,0.954292442731749,0.276,"Best_single",25,2,340,2,"M1_M2"
7152,"Flavan3ol_Dimers",0.986,1,0.862068965517241,0.954292442731749,0.276,"Best_single",25,2,340,2,"M1_M2"
7153,"Flavan3ol_Dimers",0.981,1,0.862068965517241,0.954292442731749,0.276,"Best_single",25,2,340,2,"M1_M2"
7155,"Flavan3ol_Dimers",0.881,1,0.862068965517241,0.954292442731749,0.276,"Best_single",25,2,340,2,"M1_M2"
7158,"Flavan3ol_Dimers",0.322,1,0.862068965517241,0.954292442731749,0.276,"Best_single",25,2,340,2,"M1_M2"
7190,"Quinic_Acids_Deriv",0.396,1,0.8,0.881837606837607,0.391,"Best_single",10,3,358,3,"M1_M2"
7192,"Flavan3ol_Dimers",0.738,1,0.862068965517241,0.954292442731749,0.276,"Best_single",25,2,340,2,"M1_M2"
7203,"Flavan3ol_Dimers",0.703,1,0.862068965517241,0.954292442731749,0.276,"Best_single",25,2,340,2,"M1_M2"
7218,"Flavan3ol_Dimers",0.345,1,0.862068965517241,0.954292442731749,0.276,"Best_single",25,2,340,2,"M1_M2"
7231,"Flavan3ol_Dimers",0.881,1,0.862068965517241,0.954292442731749,0.276,"Best_single",25,2,340,2,"M1_M2"
7235,"Flavan3ol_Monomers",0.763,1,0.666666666666667,0.77991718426501,0.651,"Best_single",16,12,341,12,"M1_M2"
7240,"Flavan3ol_Dimers",0.32,1,0.862068965517241,0.954292442731749,0.276,"Best_single",25,2,340,2,"M1_M2"
7259,"Flavan3ol_Dimers",0.627,1,0.862068965517241,0.954292442731749,0.276,"Best_single",25,2,340,2,"M1_M2"
7265,"Flavan3ol_Dimers",0.787,1,0.862068965517241,0.954292442731749,0.276,"Best_single",25,2,340,2,"M1_M2"
7273,"Flavan3ol_Dimers",0.95,1,0.862068965517241,0.954292442731749,0.276,"Best_single",25,2,340,2,"M1_M2"
7305,"Flavan3ol_Dimers",0.972,1,0.862068965517241,0.954292442731749,0.276,"Best_single",25,2,340,2,"M1_M2"
7344,"Flavan3ol_Dimers",0.98,1,0.862068965517241,0.954292442731749,0.276,"Best_single",25,2,340,2,"M1_M2"
7388,"Flavan3ol_Dimers",0.999,1,0.862068965517241,0.954292442731749,0.276,"Best_single",25,2,340,2,"M1_M2"
7398,"Flavan3ol_Monomers",0.848,1,0.666666666666667,0.77991718426501,0.651,"Best_single",16,12,341,12,"M1_M2"
7402,"Flavan3ol_Dimers",0.979,1,0.862068965517241,0.954292442731749,0.276,"Best_single",25,2,340,2,"M1_M2"
7442,"Flavan3ol_Dimers",0.915,1,0.862068965517241,0.954292442731749,0.276,"Best_single",25,2,340,2,"M1_M2"
7510,"Flavan3ol_Dimers",0.381,1,0.862068965517241,0.954292442731749,0.276,"Best_single",25,2,340,2,"M1_M2"
7513,"Flavan3ol_Monomers",0.897,1,0.666666666666667,0.77991718426501,0.651,"Best_single",16,12,341,12,"M1_M2"
7521,"Flavan3ol_Dimers",0.984,1,0.862068965517241,0.954292442731749,0.276,"Best_single",25,2,340,2,"M1_M2"
7534,"Flavan3ol_Dimers",0.995,1,0.862068965517241,0.954292442731749,0.276,"Best_single",25,2,340,2,"M1_M2"
7575,"Flavan3ol_Dimers",0.987,1,0.862068965517241,0.954292442731749,0.276,"Best_single",25,2,340,2,"M1_M2"
7586,"Flavan3ol_Dimers",0.971,1,0.862068965517241,0.954292442731749,0.276,"Best_single",25,2,340,2,"M1_M2"
7589,"Flavan3ol_Dimers",0.659,1,0.862068965517241,0.954292442731749,0.276,"Best_single",25,2,340,2,"M1_M2"
7599,"Flavan3ol_Dimers",0.9,1,0.862068965517241,0.954292442731749,0.276,"Best_single",25,2,340,2,"M1_M2"
7616,"Flavan3ol_Dimers",0.983,1,0.862068965517241,0.954292442731749,0.276,"Best_single",25,2,340,2,"M1_M2"
7626,"Flavan3ol_Dimers",0.858,1,0.862068965517241,0.954292442731749,0.276,"Best_single",25,2,340,2,"M1_M2"
7643,"Flavan3ol_Dimers",0.56,1,0.862068965517241,0.954292442731749,0.276,"Best_single",25,2,340,2,"M1_M2"
7648,"Flavan3ol_Dimers",0.411,1,0.862068965517241,0.954292442731749,0.276,"Best_single",25,2,340,2,"M1_M2"
7693,"Flavan3ol_Dimers",0.935,1,0.862068965517241,0.954292442731749,0.276,"Best_single",25,2,340,2,"M1_M2"
7707,"Flavan3ol_Monomers",0.761,1,0.666666666666667,0.77991718426501,0.651,"Best_single",16,12,341,12,"M1_M2"
7722,"Flavan3ol_Dimers",0.722,1,0.862068965517241,0.954292442731749,0.276,"Best_single",25,2,340,2,"M1_M2"
7776,"Flavan3ol_Dimers",0.904,1,0.862068965517241,0.954292442731749,0.276,"Best_single",25,2,340,2,"M1_M2"
7784,"Flavan3ol_Dimers",0.953,1,0.862068965517241,0.954292442731749,0.276,"Best_single",25,2,340,2,"M1_M2"
7786,"Flavan3ol_Dimers",0.439,1,0.862068965517241,0.954292442731749,0.276,"Best_single",25,2,340,2,"M1_M2"
7827,"Flavan3ol_Dimers",0.318,1,0.862068965517241,0.954292442731749,0.276,"Best_single",25,2,340,2,"M1_M2"
7877,"Flavan3ol_Dimers",0.309,1,0.862068965517241,0.954292442731749,0.276,"Best_single",25,2,340,2,"M1_M2"
7888,"Flavan3ol_Dimers",0.865,1,0.862068965517241,0.954292442731749,0.276,"Best_single",25,2,340,2,"M1_M2"
7893,"Flavan3ol_Dimers",0.964,1,0.862068965517241,0.954292442731749,0.276,"Best_single",25,2,340,2,"M1_M2"
7902,"Flavan3ol_Dimers",0.322,1,0.862068965517241,0.954292442731749,0.276,"Best_single",25,2,340,2,"M1_M2"
7939,"Flavan3ol_Dimers",0.611,1,0.862068965517241,0.954292442731749,0.276,"Best_single",25,2,340,2,"M1_M2"
7961,"Flavan3ol_Dimers",0.815,1,0.862068965517241,0.954292442731749,0.276,"Best_single",25,2,340,2,"M1_M2"
7981,"Flavan3ol_Monomers",0.754,1,0.666666666666667,0.77991718426501,0.651,"Best_single",16,12,341,12,"M1_M2"
8070,"Quinic_Acids_Deriv",0.667,1,0.8,0.881837606837607,0.391,"Best_single",10,3,358,3,"M1_M2"
8094,"Flavan3ol_Dimers",0.76,1,0.862068965517241,0.954292442731749,0.276,"Best_single",25,2,340,2,"M1_M2"
8094,"Flavan3ol_Monomers",0.941,1,0.666666666666667,0.77991718426501,0.651,"Best_single",16,12,341,12,"M1_M2"
8101,"Flavan3ol_Dimers",0.707,1,0.862068965517241,0.954292442731749,0.276,"Best_single",25,2,340,2,"M1_M2"
8123,"Quinic_Acids_Deriv",0.439,1,0.8,0.881837606837607,0.391,"Best_single",10,3,358,3,"M1_M2"
8161,"Flavan3ol_Monomers",0.759,1,0.666666666666667,0.77991718426501,0.651,"Best_single",16,12,341,12,"M1_M2"
8185,"Flavan3ol_Dimers",0.979,1,0.862068965517241,0.954292442731749,0.276,"Best_single",25,2,340,2,"M1_M2"
8196,"Flavan3ol_Dimers",0.998,1,0.862068965517241,0.954292442731749,0.276,"Best_single",25,2,340,2,"M1_M2"
8263,"Flavan3ol_Dimers",0.889,1,0.862068965517241,0.954292442731749,0.276,"Best_single",25,2,340,2,"M1_M2"
8291,"Flavan3ol_Monomers",0.764,1,0.666666666666667,0.77991718426501,0.651,"Best_single",16,12,341,12,"M1_M2"
8294,"Flavan3ol_Monomers",0.823,1,0.666666666666667,0.77991718426501,0.651,"Best_single",16,12,341,12,"M1_M2"
8300,"Flavan3ol_Monomers",0.902,1,0.666666666666667,0.77991718426501,0.651,"Best_single",16,12,341,12,"M1_M2"
8323,"Flavan3ol_Dimers",0.864,1,0.862068965517241,0.954292442731749,0.276,"Best_single",25,2,340,2,"M1_M2"
8372,"Flavan3ol_Monomers",1,1,0.666666666666667,0.77991718426501,0.651,"Best_single",16,12,341,12,"M1_M2"
8393,"Flavan3ol_Dimers",0.998,1,0.862068965517241,0.954292442731749,0.276,"Best_single",25,2,340,2,"M1_M2"
8415,"Flavan3ol_Dimers",0.705,1,0.862068965517241,0.954292442731749,0.276,"Best_single",25,2,340,2,"M1_M2"
8453,"Flavan3ol_Dimers",0.447,1,0.862068965517241,0.954292442731749,0.276,"Best_single",25,2,340,2,"M1_M2"
8460,"Flavan3ol_Monomers",0.715,1,0.666666666666667,0.77991718426501,0.651,"Best_single",16,12,341,12,"M1_M2"
8465,"Flavan3ol_Dimers",0.806,1,0.862068965517241,0.954292442731749,0.276,"Best_single",25,2,340,2,"M1_M2"
8479,"Flavan3ol_Dimers",0.371,1,0.862068965517241,0.954292442731749,0.276,"Best_single",25,2,340,2,"M1_M2"
8486,"Flavan3ol_Dimers",0.723,1,0.862068965517241,0.954292442731749,0.276,"Best_single",25,2,340,2,"M1_M2"
8522,"Flavan3ol_Monomers",0.8,1,0.666666666666667,0.77991718426501,0.651,"Best_single",16,12,341,12,"M1_M2"
8532,"Quinic_Acids_Deriv",0.42,1,0.8,0.881837606837607,0.391,"Best_single",10,3,358,3,"M1_M2"
8569,"Flavan3ol_Dimers",0.996,1,0.862068965517241,0.954292442731749,0.276,"Best_single",25,2,340,2,"M1_M2"
8572,"Flavan3ol_Dimers",0.868,1,0.862068965517241,0.954292442731749,0.276,"Best_single",25,2,340,2,"M1_M2"
8594,"Flavan3ol_Dimers",0.718,1,0.862068965517241,0.954292442731749,0.276,"Best_single",25,2,340,2,"M1_M2"
8597,"Flavan3ol_Dimers",0.402,1,0.862068965517241,0.954292442731749,0.276,"Best_single",25,2,340,2,"M1_M2"
8618,"Flavan3ol_Dimers",0.958,1,0.862068965517241,0.954292442731749,0.276,"Best_single",25,2,340,2,"M1_M2"
8679,"Flavan3ol_Dimers",0.924,1,0.862068965517241,0.954292442731749,0.276,"Best_single",25,2,340,2,"M1_M2"
8684,"Flavan3ol_Dimers",0.96,1,0.862068965517241,0.954292442731749,0.276,"Best_single",25,2,340,2,"M1_M2"
8768,"Flavan3ol_Dimers",0.995,1,0.862068965517241,0.954292442731749,0.276,"Best_single",25,2,340,2,"M1_M2"
8841,"Flavan3ol_Dimers",0.453,1,0.862068965517241,0.954292442731749,0.276,"Best_single",25,2,340,2,"M1_M2"
8896,"Flavan3ol_Dimers",0.994,1,0.862068965517241,0.954292442731749,0.276,"Best_single",25,2,340,2,"M1_M2"
8897,"Flavan3ol_Monomers",0.756,1,0.666666666666667,0.77991718426501,0.651,"Best_single",16,12,341,12,"M1_M2"
8902,"Flavan3ol_Dimers",0.522,1,0.862068965517241,0.954292442731749,0.276,"Best_single",25,2,340,2,"M1_M2"
8953,"Flavan3ol_Dimers",0.995,1,0.862068965517241,0.954292442731749,0.276,"Best_single",25,2,340,2,"M1_M2"
8966,"Flavan3ol_Dimers",0.849,1,0.862068965517241,0.954292442731749,0.276,"Best_single",25,2,340,2,"M1_M2"
9013,"Flavan3ol_Dimers",0.597,1,0.862068965517241,0.954292442731749,0.276,"Best_single",25,2,340,2,"M1_M2"
9050,"Flavan3ol_Dimers",0.34,1,0.862068965517241,0.954292442731749,0.276,"Best_single",25,2,340,2,"M1_M2"
9074,"Flavan3ol_Dimers",0.782,1,0.862068965517241,0.954292442731749,0.276,"Best_single",25,2,340,2,"M1_M2"
9100,"Flavan3ol_Dimers",0.316,1,0.862068965517241,0.954292442731749,0.276,"Best_single",25,2,340,2,"M1_M2"
9113,"Flavan3ol_Dimers",0.984,1,0.862068965517241,0.954292442731749,0.276,"Best_single",25,2,340,2,"M1_M2"
9154,"Flavan3ol_Dimers",0.992,1,0.862068965517241,0.954292442731749,0.276,"Best_single",25,2,340,2,"M1_M2"
9206,"Flavan3ol_Dimers",0.394,1,0.862068965517241,0.954292442731749,0.276,"Best_single",25,2,340,2,"M1_M2"
9214,"Flavan3ol_Dimers",0.872,1,0.862068965517241,0.954292442731749,0.276,"Best_single",25,2,340,2,"M1_M2"
9228,"Flavan3ol_Dimers",0.864,1,0.862068965517241,0.954292442731749,0.276,"Best_single",25,2,340,2,"M1_M2"
9233,"Flavan3ol_Dimers",0.749,1,0.862068965517241,0.954292442731749,0.276,"Best_single",25,2,340,2,"M1_M2"
9252,"Flavan3ol_Dimers",0.659,1,0.862068965517241,0.954292442731749,0.276,"Best_single",25,2,340,2,"M1_M2"
9261,"Flavan3ol_Dimers",0.953,1,0.862068965517241,0.954292442731749,0.276,"Best_single",25,2,340,2,"M1_M2"
9262,"Flavan3ol_Monomers",0.676,1,0.666666666666667,0.77991718426501,0.651,"Best_single",16,12,341,12,"M1_M2"
9300,"Quinic_Acids_Deriv",0.524,1,0.8,0.881837606837607,0.391,"Best_single",10,3,358,3,"M1_M2"
9313,"Flavan3ol_Dimers",0.996,1,0.862068965517241,0.954292442731749,0.276,"Best_single",25,2,340,2,"M1_M2"
9343,"Flavan3ol_Dimers",0.369,1,0.862068965517241,0.954292442731749,0.276,"Best_single",25,2,340,2,"M1_M2"
9360,"Flavan3ol_Dimers",0.802,1,0.862068965517241,0.954292442731749,0.276,"Best_single",25,2,340,2,"M1_M2"
9368,"Flavan3ol_Dimers",0.557,1,0.862068965517241,0.954292442731749,0.276,"Best_single",25,2,340,2,"M1_M2"
9387,"Flavan3ol_Dimers",0.996,1,0.862068965517241,0.954292442731749,0.276,"Best_single",25,2,340,2,"M1_M2"
9398,"Flavan3ol_Dimers",0.948,1,0.862068965517241,0.954292442731749,0.276,"Best_single",25,2,340,2,"M1_M2"
9455,"Flavan3ol_Dimers",0.998,1,0.862068965517241,0.954292442731749,0.276,"Best_single",25,2,340,2,"M1_M2"
9459,"Flavan3ol_Dimers",0.614,1,0.862068965517241,0.954292442731749,0.276,"Best_single",25,2,340,2,"M1_M2"
9475,"Flavan3ol_Dimers",0.526,1,0.862068965517241,0.954292442731749,0.276,"Best_single",25,2,340,2,"M1_M2"
9489,"Flavan3ol_Dimers",0.408,1,0.862068965517241,0.954292442731749,0.276,"Best_single",25,2,340,2,"M1_M2"
9505,"Quinic_Acids_Deriv",0.462,1,0.8,0.881837606837607,0.391,"Best_single",10,3,358,3,"M1_M2"
9552,"Flavan3ol_Dimers",0.299,1,0.862068965517241,0.954292442731749,0.276,"Best_single",25,2,340,2,"M1_M2"
9570,"Flavan3ol_Dimers",0.887,1,0.862068965517241,0.954292442731749,0.276,"Best_single",25,2,340,2,"M1_M2"
9583,"Flavan3ol_Dimers",0.852,1,0.862068965517241,0.954292442731749,0.276,"Best_single",25,2,340,2,"M1_M2"
9589,"Flavan3ol_Dimers",0.946,1,0.862068965517241,0.954292442731749,0.276,"Best_single",25,2,340,2,"M1_M2"
9594,"Flavan3ol_Dimers",0.565,1,0.862068965517241,0.954292442731749,0.276,"Best_single",25,2,340,2,"M1_M2"
9617,"Flavan3ol_Dimers",0.285,1,0.862068965517241,0.954292442731749,0.276,"Best_single",25,2,340,2,"M1_M2"
9632,"Flavan3ol_Dimers",0.996,1,0.862068965517241,0.954292442731749,0.276,"Best_single",25,2,340,2,"M1_M2"
9667,"Flavan3ol_Dimers",0.474,1,0.862068965517241,0.954292442731749,0.276,"Best_single",25,2,340,2,"M1_M2"
9672,"Flavan3ol_Dimers",0.923,1,0.862068965517241,0.954292442731749,0.276,"Best_single",25,2,340,2,"M1_M2"
9672,"Flavan3ol_Monomers",0.935,1,0.666666666666667,0.77991718426501,0.651,"Best_single",16,12,341,12,"M1_M2"
9754,"Flavan3ol_Dimers",0.399,1,0.862068965517241,0.954292442731749,0.276,"Best_single",25,2,340,2,"M1_M2"
9755,"Flavan3ol_Dimers",0.966,1,0.862068965517241,0.954292442731749,0.276,"Best_single",25,2,340,2,"M1_M2"
9773,"Flavan3ol_Dimers",0.95,1,0.862068965517241,0.954292442731749,0.276,"Best_single",25,2,340,2,"M1_M2"
9875,"Flavan3ol_Dimers",0.946,1,0.862068965517241,0.954292442731749,0.276,"Best_single",25,2,340,2,"M1_M2"
9950,"Flavan3ol_Dimers",0.406,1,0.862068965517241,0.954292442731749,0.276,"Best_single",25,2,340,2,"M1_M2"
9979,"Flavan3ol_Dimers",0.681,1,0.862068965517241,0.954292442731749,0.276,"Best_single",25,2,340,2,"M1_M2"
9985,"Flavan3ol_Dimers",0.927,1,0.862068965517241,0.954292442731749,0.276,"Best_single",25,2,340,2,"M1_M2"
10012,"Flavan3ol_Dimers",0.286,1,0.862068965517241,0.954292442731749,0.276,"Best_single",25,2,340,2,"M1_M2"
10033,"Flavan3ol_Dimers",0.283,1,0.862068965517241,0.954292442731749,0.276,"Best_single",25,2,340,2,"M1_M2"
10064,"Flavan3ol_Monomers",0.716,1,0.666666666666667,0.77991718426501,0.651,"Best_single",16,12,341,12,"M1_M2"
10071,"Flavan3ol_Dimers",0.904,1,0.862068965517241,0.954292442731749,0.276,"Best_single",25,2,340,2,"M1_M2"
10092,"Flavan3ol_Dimers",0.636,1,0.862068965517241,0.954292442731749,0.276,"Best_single",25,2,340,2,"M1_M2"
10095,"Flavan3ol_Dimers",0.85,1,0.862068965517241,0.954292442731749,0.276,"Best_single",25,2,340,2,"M1_M2"
10099,"Flavan3ol_Dimers",0.918,1,0.862068965517241,0.954292442731749,0.276,"Best_single",25,2,340,2,"M1_M2"
10101,"Flavan3ol_Dimers",0.609,1,0.862068965517241,0.954292442731749,0.276,"Best_single",25,2,340,2,"M1_M2"
10136,"Flavan3ol_Dimers",0.368,1,0.862068965517241,0.954292442731749,0.276,"Best_single",25,2,340,2,"M1_M2"
10137,"Flavan3ol_Dimers",0.594,1,0.862068965517241,0.954292442731749,0.276,"Best_single",25,2,340,2,"M1_M2"
10138,"Flavan3ol_Dimers",0.757,1,0.862068965517241,0.954292442731749,0.276,"Best_single",25,2,340,2,"M1_M2"
10157,"Flavan3ol_Dimers",0.936,1,0.862068965517241,0.954292442731749,0.276,"Best_single",25,2,340,2,"M1_M2"
10167,"Flavan3ol_Monomers",0.752,1,0.666666666666667,0.77991718426501,0.651,"Best_single",16,12,341,12,"M1_M2"
10193,"Flavan3ol_Dimers",0.969,1,0.862068965517241,0.954292442731749,0.276,"Best_single",25,2,340,2,"M1_M2"
10210,"Flavan3ol_Dimers",0.34,1,0.862068965517241,0.954292442731749,0.276,"Best_single",25,2,340,2,"M1_M2"
10234,"Flavan3ol_Dimers",0.471,1,0.862068965517241,0.954292442731749,0.276,"Best_single",25,2,340,2,"M1_M2"
10248,"Flavan3ol_Dimers",0.934,1,0.862068965517241,0.954292442731749,0.276,"Best_single",25,2,340,2,"M1_M2"
10258,"Quinic_Acids_Deriv",0.521,1,0.8,0.881837606837607,0.391,"Best_single",10,3,358,3,"M1_M2"
10289,"Flavan3ol_Dimers",0.976,1,0.862068965517241,0.954292442731749,0.276,"Best_single",25,2,340,2,"M1_M2"
10294,"Flavan3ol_Dimers",0.99,1,0.862068965517241,0.954292442731749,0.276,"Best_single",25,2,340,2,"M1_M2"
10299,"Flavan3ol_Monomers",0.761,1,0.666666666666667,0.77991718426501,0.651,"Best_single",16,12,341,12,"M1_M2"
10324,"Flavan3ol_Monomers",0.719,1,0.666666666666667,0.77991718426501,0.651,"Best_single",16,12,341,12,"M1_M2"
10406,"Quinic_Acids_Deriv",0.429,1,0.8,0.881837606837607,0.391,"Best_single",10,3,358,3,"M1_M2"
10414,"Flavan3ol_Monomers",0.704,1,0.666666666666667,0.77991718426501,0.651,"Best_single",16,12,341,12,"M1_M2"
10456,"Flavan3ol_Dimers",0.654,1,0.862068965517241,0.954292442731749,0.276,"Best_single",25,2,340,2,"M1_M2"
10465,"Flavan3ol_Dimers",0.45,1,0.862068965517241,0.954292442731749,0.276,"Best_single",25,2,340,2,"M1_M2"
10503,"Flavan3ol_Dimers",0.896,1,0.862068965517241,0.954292442731749,0.276,"Best_single",25,2,340,2,"M1_M2"
10576,"Flavan3ol_Dimers",0.63,1,0.862068965517241,0.954292442731749,0.276,"Best_single",25,2,340,2,"M1_M2"
10592,"Flavan3ol_Dimers",0.877,1,0.862068965517241,0.954292442731749,0.276,"Best_single",25,2,340,2,"M1_M2"
10606,"Flavan3ol_Dimers",0.616,1,0.862068965517241,0.954292442731749,0.276,"Best_single",25,2,340,2,"M1_M2"
10634,"Flavan3ol_Monomers",0.83,1,0.666666666666667,0.77991718426501,0.651,"Best_single",16,12,341,12,"M1_M2"
10652,"Flavan3ol_Monomers",0.782,1,0.666666666666667,0.77991718426501,0.651,"Best_single",16,12,341,12,"M1_M2"
10663,"Flavan3ol_Dimers",0.88,1,0.862068965517241,0.954292442731749,0.276,"Best_single",25,2,340,2,"M1_M2"
10669,"Flavan3ol_Dimers",0.765,1,0.862068965517241,0.954292442731749,0.276,"Best_single",25,2,340,2,"M1_M2"
10681,"Flavan3ol_Dimers",0.293,1,0.862068965517241,0.954292442731749,0.276,"Best_single",25,2,340,2,"M1_M2"
10711,"Flavan3ol_Dimers",0.654,1,0.862068965517241,0.954292442731749,0.276,"Best_single",25,2,340,2,"M1_M2"
10783,"Quinic_Acids_Deriv",0.608,1,0.8,0.881837606837607,0.391,"Best_single",10,3,358,3,"M1_M2"
10843,"Flavan3ol_Dimers",0.966,1,0.862068965517241,0.954292442731749,0.276,"Best_single",25,2,340,2,"M1_M2"
10858,"Quinic_Acids_Deriv",0.397,1,0.8,0.881837606837607,0.391,"Best_single",10,3,358,3,"M1_M2"
10914,"Flavan3ol_Dimers",0.864,1,0.862068965517241,0.954292442731749,0.276,"Best_single",25,2,340,2,"M1_M2"
11005,"Flavan3ol_Monomers",0.788,1,0.666666666666667,0.77991718426501,0.651,"Best_single",16,12,341,12,"M1_M2"
11017,"Flavan3ol_Dimers",0.953,1,0.862068965517241,0.954292442731749,0.276,"Best_single",25,2,340,2,"M1_M2"
11022,"Quinic_Acids_Deriv",0.429,1,0.8,0.881837606837607,0.391,"Best_single",10,3,358,3,"M1_M2"
11086,"Flavan3ol_Dimers",0.461,1,0.862068965517241,0.954292442731749,0.276,"Best_single",25,2,340,2,"M1_M2"
11106,"Flavan3ol_Monomers",0.775,1,0.666666666666667,0.77991718426501,0.651,"Best_single",16,12,341,12,"M1_M2"
11117,"Flavan3ol_Dimers",0.922,1,0.862068965517241,0.954292442731749,0.276,"Best_single",25,2,340,2,"M1_M2"
11159,"Flavan3ol_Dimers",0.748,1,0.862068965517241,0.954292442731749,0.276,"Best_single",25,2,340,2,"M1_M2"
11161,"Flavan3ol_Dimers",0.39,1,0.862068965517241,0.954292442731749,0.276,"Best_single",25,2,340,2,"M1_M2"
11171,"Quinic_Acids_Deriv",0.486,1,0.8,0.881837606837607,0.391,"Best_single",10,3,358,3,"M1_M2"
11177,"Flavan3ol_Dimers",0.964,1,0.862068965517241,0.954292442731749,0.276,"Best_single",25,2,340,2,"M1_M2"
11199,"Flavan3ol_Dimers",0.557,1,0.862068965517241,0.954292442731749,0.276,"Best_single",25,2,340,2,"M1_M2"
11259,"Flavan3ol_Dimers",0.914,1,0.862068965517241,0.954292442731749,0.276,"Best_single",25,2,340,2,"M1_M2"
11337,"Flavan3ol_Dimers",0.905,1,0.862068965517241,0.954292442731749,0.276,"Best_single",25,2,340,2,"M1_M2"
11353,"Flavan3ol_Dimers",0.721,1,0.862068965517241,0.954292442731749,0.276,"Best_single",25,2,340,2,"M1_M2"
11361,"Flavan3ol_Dimers",0.461,1,0.862068965517241,0.954292442731749,0.276,"Best_single",25,2,340,2,"M1_M2"
11366,"Flavan3ol_Dimers",0.994,1,0.862068965517241,0.954292442731749,0.276,"Best_single",25,2,340,2,"M1_M2"
11372,"Quinic_Acids_Deriv",0.524,1,0.8,0.881837606837607,0.391,"Best_single",10,3,358,3,"M1_M2"
11394,"Flavan3ol_Dimers",0.35,1,0.862068965517241,0.954292442731749,0.276,"Best_single",25,2,340,2,"M1_M2"
11410,"Flavan3ol_Dimers",0.312,1,0.862068965517241,0.954292442731749,0.276,"Best_single",25,2,340,2,"M1_M2"
11426,"Flavan3ol_Monomers",0.928,1,0.666666666666667,0.77991718426501,0.651,"Best_single",16,12,341,12,"M1_M2"
11435,"Flavan3ol_Dimers",0.485,1,0.862068965517241,0.954292442731749,0.276,"Best_single",25,2,340,2,"M1_M2"
11495,"Flavan3ol_Dimers",0.828,1,0.862068965517241,0.954292442731749,0.276,"Best_single",25,2,340,2,"M1_M2"
11539,"Flavan3ol_Dimers",0.615,1,0.862068965517241,0.954292442731749,0.276,"Best_single",25,2,340,2,"M1_M2"
11554,"Flavan3ol_Dimers",0.642,1,0.862068965517241,0.954292442731749,0.276,"Best_single",25,2,340,2,"M1_M2"
11568,"Flavan3ol_Dimers",0.371,1,0.862068965517241,0.954292442731749,0.276,"Best_single",25,2,340,2,"M1_M2"
11576,"Quinic_Acids_Deriv",0.502,1,0.8,0.881837606837607,0.391,"Best_single",10,3,358,3,"M1_M2"
11660,"Flavan3ol_Dimers",0.652,1,0.862068965517241,0.954292442731749,0.276,"Best_single",25,2,340,2,"M1_M2"
11669,"Flavan3ol_Dimers",0.922,1,0.862068965517241,0.954292442731749,0.276,"Best_single",25,2,340,2,"M1_M2"
11672,"Flavan3ol_Monomers",0.931,1,0.666666666666667,0.77991718426501,0.651,"Best_single",16,12,341,12,"M1_M2"
11706,"Flavan3ol_Dimers",0.915,1,0.862068965517241,0.954292442731749,0.276,"Best_single",25,2,340,2,"M1_M2"
11735,"Flavan3ol_Dimers",0.285,1,0.862068965517241,0.954292442731749,0.276,"Best_single",25,2,340,2,"M1_M2"
11744,"Flavan3ol_Dimers",0.467,1,0.862068965517241,0.954292442731749,0.276,"Best_single",25,2,340,2,"M1_M2"
11791,"Flavan3ol_Dimers",0.354,1,0.862068965517241,0.954292442731749,0.276,"Best_single",25,2,340,2,"M1_M2"
11798,"Flavan3ol_Dimers",0.514,1,0.862068965517241,0.954292442731749,0.276,"Best_single",25,2,340,2,"M1_M2"
11822,"Flavan3ol_Monomers",0.925,1,0.666666666666667,0.77991718426501,0.651,"Best_single",16,12,341,12,"M1_M2"
11937,"Flavan3ol_Dimers",0.345,1,0.862068965517241,0.954292442731749,0.276,"Best_single",25,2,340,2,"M1_M2"
11989,"Flavan3ol_Dimers",0.948,1,0.862068965517241,0.954292442731749,0.276,"Best_single",25,2,340,2,"M1_M2"
12004,"Flavan3ol_Dimers",0.837,1,0.862068965517241,0.954292442731749,0.276,"Best_single",25,2,340,2,"M1_M2"
12006,"Flavan3ol_Dimers",0.639,1,0.862068965517241,0.954292442731749,0.276,"Best_single",25,2,340,2,"M1_M2"
12030,"Flavan3ol_Dimers",0.949,1,0.862068965517241,0.954292442731749,0.276,"Best_single",25,2,340,2,"M1_M2"
12094,"Flavan3ol_Dimers",0.626,1,0.862068965517241,0.954292442731749,0.276,"Best_single",25,2,340,2,"M1_M2"
12126,"Flavan3ol_Dimers",0.911,1,0.862068965517241,0.954292442731749,0.276,"Best_single",25,2,340,2,"M1_M2"
12148,"Flavan3ol_Dimers",0.529,1,0.862068965517241,0.954292442731749,0.276,"Best_single",25,2,340,2,"M1_M2"
12186,"Flavan3ol_Dimers",0.856,1,0.862068965517241,0.954292442731749,0.276,"Best_single",25,2,340,2,"M1_M2"
12221,"Flavan3ol_Monomers",0.935,1,0.666666666666667,0.77991718426501,0.651,"Best_single",16,12,341,12,"M1_M2"
12251,"Flavan3ol_Dimers",0.856,1,0.862068965517241,0.954292442731749,0.276,"Best_single",25,2,340,2,"M1_M2"
12397,"Flavan3ol_Monomers",0.914,1,0.666666666666667,0.77991718426501,0.651,"Best_single",16,12,341,12,"M1_M2"
12419,"Flavan3ol_Dimers",0.447,1,0.862068965517241,0.954292442731749,0.276,"Best_single",25,2,340,2,"M1_M2"
12430,"Flavan3ol_Dimers",0.99,1,0.862068965517241,0.954292442731749,0.276,"Best_single",25,2,340,2,"M1_M2"
12440,"Flavan3ol_Monomers",0.914,1,0.666666666666667,0.77991718426501,0.651,"Best_single",16,12,341,12,"M1_M2"
12476,"Quinic_Acids_Deriv",0.666,1,0.8,0.881837606837607,0.391,"Best_single",10,3,358,3,"M1_M2"
12504,"Quinic_Acids_Deriv",0.661,1,0.8,0.881837606837607,0.391,"Best_single",10,3,358,3,"M1_M2"
12559,"Flavan3ol_Monomers",0.763,1,0.666666666666667,0.77991718426501,0.651,"Best_single",16,12,341,12,"M1_M2"
12574,"Flavan3ol_Dimers",0.779,1,0.862068965517241,0.954292442731749,0.276,"Best_single",25,2,340,2,"M1_M2"
12599,"Flavan3ol_Dimers",0.919,1,0.862068965517241,0.954292442731749,0.276,"Best_single",25,2,340,2,"M1_M2"
12612,"Flavan3ol_Dimers",0.546,1,0.862068965517241,0.954292442731749,0.276,"Best_single",25,2,340,2,"M1_M2"
12640,"Quinic_Acids_Deriv",0.665,1,0.8,0.881837606837607,0.391,"Best_single",10,3,358,3,"M1_M2"
12732,"Flavan3ol_Dimers",0.697,1,0.862068965517241,0.954292442731749,0.276,"Best_single",25,2,340,2,"M1_M2"
12758,"Flavan3ol_Monomers",0.653,1,0.666666666666667,0.77991718426501,0.651,"Best_single",16,12,341,12,"M1_M2"
12822,"Flavan3ol_Dimers",0.915,1,0.862068965517241,0.954292442731749,0.276,"Best_single",25,2,340,2,"M1_M2"
12864,"Flavan3ol_Dimers",0.306,1,0.862068965517241,0.954292442731749,0.276,"Best_single",25,2,340,2,"M1_M2"
12867,"Quinic_Acids_Deriv",0.449,1,0.8,0.881837606837607,0.391,"Best_single",10,3,358,3,"M1_M2"
12870,"Flavan3ol_Dimers",0.493,1,0.862068965517241,0.954292442731749,0.276,"Best_single",25,2,340,2,"M1_M2"
12898,"Flavan3ol_Monomers",0.904,1,0.666666666666667,0.77991718426501,0.651,"Best_single",16,12,341,12,"M1_M2"
12907,"Flavan3ol_Dimers",0.367,1,0.862068965517241,0.954292442731749,0.276,"Best_single",25,2,340,2,"M1_M2"
12960,"Flavan3ol_Dimers",0.523,1,0.862068965517241,0.954292442731749,0.276,"Best_single",25,2,340,2,"M1_M2"
12976,"Flavan3ol_Dimers",0.469,1,0.862068965517241,0.954292442731749,0.276,"Best_single",25,2,340,2,"M1_M2"
12986,"Flavan3ol_Dimers",0.889,1,0.862068965517241,0.954292442731749,0.276,"Best_single",25,2,340,2,"M1_M2"
12989,"Flavan3ol_Dimers",0.612,1,0.862068965517241,0.954292442731749,0.276,"Best_single",25,2,340,2,"M1_M2"
13033,"Flavan3ol_Dimers",0.726,1,0.862068965517241,0.954292442731749,0.276,"Best_single",25,2,340,2,"M1_M2"
13042,"Flavan3ol_Dimers",0.948,1,0.862068965517241,0.954292442731749,0.276,"Best_single",25,2,340,2,"M1_M2"
13048,"Flavan3ol_Dimers",0.804,1,0.862068965517241,0.954292442731749,0.276,"Best_single",25,2,340,2,"M1_M2"
