"id","species_code","itteration","Raos_Q","D_q","MD_q","FD_q","ncomps","updated"
"1","IngMu_3","1","0.873467","15.5866","13.6144","212.203","181","2020-11-16 18:52:17"
"2","IngM_1","1","0.915187","29.8506","27.3188","815.483","199","2020-11-16 18:52:17"
"3","IngA_4","1","0.856883","10.6354","9.11327","96.9231","172","2020-11-16 18:52:17"
"4","IngC_1","1","0.923907","21.8509","20.1882","441.13","249","2020-11-16 18:52:17"
"5","IngA_2","1","0.872581","13.0915","11.4234","149.55","127","2020-11-16 18:52:17"
"6","IngC_4","1","0.929888","18.8307","17.5105","329.735","198","2020-11-16 18:52:17"
"7","IngMu_5","1","0.873565","15.2896","13.3565","204.216","170","2020-11-16 18:52:17"
"8","IngO_1","1","0.938401","18.2565","17.1319","312.768","213","2020-11-16 18:52:17"
"9","IngG_3","1","0.890114","27.0402","24.0688","650.826","236","2020-11-16 18:52:18"
"10","IngF_1","1","0.821002","15.3686","12.6177","193.917","258","2020-11-16 18:52:18"
"11","IngG_4","1","0.902975","27.5604","24.8863","685.876","258","2020-11-16 18:52:18"
"12","IngF_5","1","0.843656","13.1452","11.09","145.781","208","2020-11-16 18:52:18"
"13","IngF_4","1","0.830649","13.383","11.1166","148.774","235","2020-11-16 18:52:18"
"14","IngA_3","1","0.878467","11.0647","9.71995","107.548","140","2020-11-16 18:52:18"
"15","IngM_5","1","0.896041","24.0191","21.5221","516.941","220","2020-11-16 18:52:18"
"16","IngM_2","1","0.916655","32.2657","29.5765","954.307","241","2020-11-16 18:52:18"
"17","IngO_2","1","0.879587","16.4425","14.4626","237.801","131","2020-11-16 18:52:18"
"18","IngG_1","1","0.850755","29.6047","25.1864","745.635","232","2020-11-16 18:52:18"
"19","IngA_1","1","0.831967","13.0797","10.8819","142.331","114","2020-11-16 18:52:18"
"20","IngC_2","1","0.884065","16.3596","14.463","236.609","179","2020-11-16 18:52:18"
"21","IngF_6","1","0.835504","14.1012","11.7816","166.135","229","2020-11-16 18:52:18"
"22","IngA_6","1","0.87759","12.5849","11.0443","138.992","141","2020-11-16 18:52:19"
"23","IngMu_1","1","0.882935","15.9775","14.1071","225.397","186","2020-11-16 18:52:19"
"24","IngM_4","1","0.919081","28.4057","26.1072","741.593","216","2020-11-16 18:52:19"
"25","IngMu_2","1","0.861353","14.3677","12.3757","177.81","180","2020-11-16 18:52:19"
"26","IngM_6","1","0.912619","26.7877","24.447","654.878","202","2020-11-16 18:52:19"
"27","IngC_5","1","0.877848","15.3081","13.4382","205.713","169","2020-11-16 18:52:19"
"28","IngG_5","1","0.859434","28.4771","24.4742","696.956","225","2020-11-16 18:52:19"
"29","IngF_2","1","0.842642","11.9277","10.0508","119.884","204","2020-11-16 18:52:19"
"30","IngG_2","1","0.87245","30.3121","26.4458","801.626","236","2020-11-16 18:52:19"
"31","IngMu_4","1","0.876005","16.7633","14.6847","246.164","178","2020-11-16 18:52:20"
"32","IngC_3","1","0.871006","14.0283","12.2188","171.409","212","2020-11-16 18:52:20"
"33","IngO_3","1","0.889333","14.4951","12.891","186.856","206","2020-11-16 18:52:23"
"34","IngP_1","1","0.94982","31.6967","30.1061","954.264","293","2020-11-16 18:52:23"
"35","IngP_2","1","0.923447","41.2239","38.0681","1569.31","294","2020-11-16 18:52:24"
"36","IngPu_5","1","0.915996","13.9696","12.7961","178.755","160","2020-11-16 18:52:24"
"37","IngP_4","1","0.934463","35.1233","32.8214","1152.79","264","2020-11-16 18:52:24"
"38","IngQ_5","1","0.89631","15.0745","13.5114","203.678","159","2020-11-16 18:52:24"
"39","IngQ_3","1","0.903947","19.6227","17.7379","348.065","175","2020-11-16 18:52:24"
"40","IngP_5","1","0.929475","31.4122","29.1968","917.136","302","2020-11-16 18:52:24"
"41","IngPu_4","1","0.912977","14.0587","12.8353","180.448","166","2020-11-16 18:52:24"
"42","IngO_4","1","0.862311","15.8608","13.677","216.928","228","2020-11-16 18:52:24"
"43","IngQ_4","1","0.892009","12.5242","11.1717","139.917","148","2020-11-16 18:52:24"
"44","IngR_2","1","0.834176","13.153","10.9719","144.313","173","2020-11-16 18:52:24"
"45","IngPu_2","1","0.911326","47.3549","43.1558","2043.64","578","2020-11-16 18:52:24"
"46","IngP_3","1","0.920976","45.7328","42.1188","1926.21","327","2020-11-16 18:52:24"
"47","IngPu_3","1","0.92624","65.9187","61.0565","4024.77","689","2020-11-16 18:52:24"
"48","IngR_4","1","0.801557","9.59658","7.69221","73.8188","195","2020-11-16 18:52:25"
"49","IngQ_1","1","0.909499","17.2631","15.7008","271.044","186","2020-11-16 18:52:25"
"50","IngQ_2","1","0.909468","15.4865","14.0845","218.119","143","2020-11-16 18:52:25"
"51","IngU_1","1","0.669681","16.953","11.3531","192.47","249","2020-11-16 18:52:25"
"52","IngSp_1","1","0.840181","12.7998","10.7542","137.651","161","2020-11-16 18:52:25"
"53","IngS_1","1","0.928932","16.5966","15.4171","255.871","136","2020-11-16 18:52:25"
"54","IngR_5","1","0.866159","14.0312","12.1533","170.525","204","2020-11-16 18:52:25"
"55","IngPu_1","1","0.889059","12.3171","10.9506","134.88","164","2020-11-16 18:52:25"
"56","IngS_4","1","0.912509","14.9994","13.6871","205.297","129","2020-11-16 18:52:25"
"57","IngU_4","1","0.671548","18.592","12.4854","232.128","238","2020-11-16 18:52:25"
"58","IngS_2","1","0.858955","12.8696","11.0544","142.266","101","2020-11-16 18:52:26"
"59","IngU_3","1","0.735791","23.7392","17.4671","414.654","208","2020-11-16 18:52:26"
"60","IngS_3","1","0.891096","13.316","11.8659","158.006","140","2020-11-16 18:52:26"
"61","IngU_6","1","0.770159","20.3778","15.6941","319.811","208","2020-11-16 18:52:26"
"62","IngR_1","1","0.816202","10.9136","8.90772","97.2156","195","2020-11-16 18:52:27"
"63","IngR_3","1","0.851347","12.0335","10.2447","123.279","172","2020-11-16 18:52:27"
"64","IngU_8","1","0.780205","28.5517","22.2762","636.024","198","2020-11-16 18:52:27"
"65","IngV_1","1","0.840533","12.6772","10.6556","135.084","228","2020-11-16 18:52:29"
"66","IngV_2","1","0.79947","9.99691","7.99223","79.8976","203","2020-11-16 18:52:30"
"67","IngV_4","1","0.87129","14.9808","13.0526","195.538","211","2020-11-16 18:52:30"
"68","LA10_4","1","0.895315","50.8003","45.4822","2310.51","258","2020-11-16 18:52:30"
"69","IngV_3","1","0.827454","11.623","9.61753","111.785","210","2020-11-16 18:52:30"
"70","LA10_6","1","0.955529","31.3778","29.9824","940.783","160","2020-11-16 18:52:30"
"71","LA10_5","1","0.784269","19.1682","15.033","288.155","193","2020-11-16 18:52:31"
"72","IngV_5","1","0.857563","13.2446","11.3581","150.434","192","2020-11-16 18:52:31"
"73","LA1_3","1","0.928646","31.733","29.4687","935.128","182","2020-11-16 18:52:31"
"74","LA1_5","1","0.940623","33.7834","31.7775","1073.55","244","2020-11-16 18:52:31"
"75","LA1_1","1","0.929957","23.4884","21.8432","513.06","149","2020-11-16 18:52:31"
"76","LA1_2","1","0.929333","16.7866","15.6003","261.876","118","2020-11-16 18:52:31"
"77","LA10_3","1","0.953165","40.9583","39.04","1599.02","179","2020-11-16 18:52:31"
"78","LA12_2","1","0.860071","16.2441","13.9711","226.948","205","2020-11-16 18:52:31"
"79","LA13_4","1","0.864768","27.2522","23.5669","642.249","175","2020-11-16 18:52:31"
"80","LA10_1","1","0.918293","35.2137","32.3365","1138.69","208","2020-11-16 18:52:31"
"81","LA12_1","1","0.865767","12.1772","10.5426","128.379","186","2020-11-16 18:52:32"
"82","LA1_4","1","0.927973","23.875","22.1553","528.957","127","2020-11-16 18:52:32"
"83","LA12_5","1","0.860265","16.6538","14.3267","238.594","202","2020-11-16 18:52:32"
"84","LA13_3","1","0.911172","20.2086","18.4135","372.112","136","2020-11-16 18:52:32"
"85","LA13_2","1","0.914525","28.728","26.2724","754.754","151","2020-11-16 18:52:32"
"86","LA13_5","1","0.885072","29.9384","26.4976","793.296","127","2020-11-16 18:52:32"
"87","LA12_3","1","0.869327","17.3074","15.0458","260.403","350","2020-11-16 18:52:32"
"88","LA17_3","1","0.855906","12.5332","10.7273","134.447","139","2020-11-16 18:52:33"
"89","LA17_1","1","0.908922","15.5008","14.089","218.392","183","2020-11-16 18:52:33"
"90","LA12_4","1","0.86151","13.9739","12.0387","168.228","265","2020-11-16 18:52:33"
"91","LA17_4","1","0.815679","9.90196","8.07682","79.9763","137","2020-11-16 18:52:33"
"92","LA13_6","1","0.915608","23.7242","21.7221","515.338","221","2020-11-16 18:52:33"
"93","LA18_1","1","0.866868","30.3619","26.3198","799.119","264","2020-11-16 18:52:34"
"94","LA17_2","1","0.864612","12.8915","11.1461","143.69","140","2020-11-16 18:52:34"
"95","LA17_5","1","0.854056","9.59325","8.19317","78.5992","158","2020-11-16 18:52:34"
"96","LA18_3","1","0.857386","34.3848","29.4811","1013.7","315","2020-11-16 18:52:35"
"97","LA19_2","1","0.895513","22.9826","20.5812","473.008","174","2020-11-16 18:52:36"
"98","LA18_2","1","0.868843","28.0648","24.3839","684.327","264","2020-11-16 18:52:36"
"99","LA18_4","1","0.89437","26.833","23.9986","643.955","284","2020-11-16 18:52:36"
"100","LA19_3","1","0.905874","26.2667","23.7943","624.998","166","2020-11-16 18:52:36"
"101","LA18_5","1","0.888554","32.3787","28.7702","931.543","294","2020-11-16 18:52:36"
"102","LA19_5","1","0.91018","16.7388","15.2354","255.022","211","2020-11-16 18:52:36"
"103","LA19_4","1","0.900246","20.5782","18.5255","381.222","190","2020-11-16 18:52:36"
"104","LA2_2","1","0.889304","17.0121","15.129","257.376","141","2020-11-16 18:52:37"
"105","LA2_4","1","0.882908","20.23","17.8612","361.332","195","2020-11-16 18:52:37"
"106","LA20a_3","1","0.865859","8.0724","6.98956","56.4226","128","2020-11-16 18:52:37"
"107","LA2_1","1","0.868975","14.533","12.6288","183.534","134","2020-11-16 18:52:37"
"108","LA19_6","1","0.919583","19.284","17.7333","341.969","226","2020-11-16 18:52:37"
"109","LA20a_2","1","0.868434","8.53926","7.41578","63.3253","135","2020-11-16 18:52:37"
"110","LA2_6","1","0.876645","15.8377","13.884","219.89","214","2020-11-16 18:52:37"
"111","LA2_5","1","0.885876","16.3485","14.4827","236.771","178","2020-11-16 18:52:37"
"112","LA20a_4","1","0.86968","8.34687","7.2591","60.5908","122","2020-11-16 18:52:38"
"113","LA20a_5","1","0.894836","10.4197","9.32388","97.1516","132","2020-11-16 18:52:38"
"114","LA20b_2","1","0.928084","15.6369","14.5124","226.929","72","2020-11-16 18:52:38"
"115","LA22_1","1","0.946002","23.2418","21.9868","511.013","174","2020-11-16 18:52:38"
"116","LA20b_3","1","0.878191","9.03016","7.9302","71.611","97","2020-11-16 18:52:38"
"117","LA22_3","1","0.94107","26.8208","25.2402","676.962","141","2020-11-16 18:52:39"
"118","LA22_2","1","0.91558","30.0363","27.5007","826.02","227","2020-11-16 18:52:39"
"119","LA22_4","1","0.913842","32.0221","29.2631","937.067","185","2020-11-16 18:52:39"
"120","LA23_2","1","0.924954","32.9065","30.437","1001.57","275","2020-11-16 18:52:39"
"121","LA22_5","1","0.939881","24.1613","22.7087","548.671","180","2020-11-16 18:52:39"
"122","LA23_5","1","0.925731","36.4242","33.719","1228.19","319","2020-11-16 18:52:40"
"123","LA25_1","1","0.793067","25.3259","20.0852","508.676","209","2020-11-16 18:52:40"
"124","LA20b_1","1","0.866291","8.02199","6.94938","55.7479","62","2020-11-16 18:52:40"
"125","LA23_4","1","0.911071","32.6331","29.7311","970.217","340","2020-11-16 18:52:40"
"126","LA23_1","1","0.823591","61.9889","51.0535","3164.75","413","2020-11-16 18:52:40"
"127","LA23_3","1","0.927838","38.7072","35.914","1390.13","293","2020-11-16 18:52:41"
"128","LA25_2","1","0.83562","29.0346","24.2619","704.433","235","2020-11-16 18:52:41"
"129","LA25_3","1","0.788946","24.7783","19.5487","484.384","183","2020-11-16 18:52:42"
"130","LA26_1","1","0.914822","17.8417","16.322","291.212","166","2020-11-16 18:52:42"
"131","LA26_2","1","0.923378","19.0889","17.6262","336.464","179","2020-11-16 18:52:42"
"132","LA25_5","1","0.687538","26.0194","17.8893","465.468","191","2020-11-16 18:52:42"
"133","LA26_4","1","0.882131","10.8805","9.59802","104.431","151","2020-11-16 18:52:42"
"134","LA26_5","1","0.91253","15.0582","13.741","206.915","173","2020-11-16 18:52:42"
"135","LA26_6","1","0.902792","12.5769","11.3543","142.803","142","2020-11-16 18:52:42"
"136","LA25_4","1","0.6446","23.2274","14.9724","347.769","195","2020-11-16 18:52:43"
"137","LA28_2","1","0.851378","14.2436","12.1267","172.727","140","2020-11-16 18:52:43"
"138","LA28_3","1","0.819936","12.8458","10.5328","135.302","178","2020-11-16 18:52:43"
"139","LA28_4","1","0.878465","19.1316","16.8064","321.533","177","2020-11-16 18:52:43"
"140","LA28_1","1","0.843242","14.6071","12.3173","179.92","170","2020-11-16 18:52:43"
"141","LA3_1","1","0.942412","34.5519","32.5621","1125.08","192","2020-11-16 18:52:44"
"142","LA28_5","1","0.837726","15.4063","12.9063","198.839","178","2020-11-16 18:52:44"
"143","LA3_2","1","0.938947","41.7215","39.1743","1634.41","288","2020-11-16 18:52:44"
"144","LA3_3","1","0.917565","13.8651","12.7222","176.395","185","2020-11-16 18:52:44"
"145","LA3_4","1","0.936443","27.9317","26.1564","730.593","189","2020-11-16 18:52:44"
"146","LA3_5","1","0.928696","24.6506","22.8929","564.325","216","2020-11-16 18:52:44"
"147","LA31_1","1","0.752481","8.09925","6.09453","49.3611","99","2020-11-16 18:52:45"
"148","LA31_2","1","0.827024","10.6625","8.81817","94.024","160","2020-11-16 18:52:45"
"149","LA31_3","1","0.819952","10.0387","8.23128","82.6316","94","2020-11-16 18:52:45"
"150","LA31_5","1","0.745899","8.35528","6.2322","52.0718","112","2020-11-16 18:52:45"
"151","LA31_4","1","0.873958","12.7952","11.1825","143.082","96","2020-11-16 18:52:45"
"152","LA32_1","1","0.905981","18.7747","17.0096","319.35","199","2020-11-16 18:52:45"
"153","LA32_2","1","0.909447","17.226","15.6661","269.865","218","2020-11-16 18:52:45"
"154","LA32_4","1","0.920545","19.9768","18.3896","367.366","216","2020-11-16 18:52:46"
"155","LA33_1","1","0.797055","24.1546","19.2525","465.037","344","2020-11-16 18:52:46"
"156","LA32_3","1","0.890872","21.2701","18.9489","403.046","182","2020-11-16 18:52:46"
"157","LA32_5","1","0.925174","22.3527","20.6801","462.256","195","2020-11-16 18:52:46"
"158","LA33_2","1","0.828131","24.0011","19.876","477.046","322","2020-11-16 18:52:47"
"159","LA33_3","1","0.869634","14.8499","12.9139","191.77","271","2020-11-16 18:52:47"
"160","LA33_4","1","0.862816","14.6747","12.6616","185.805","262","2020-11-16 18:52:47"
"161","LA33_6","1","0.817936","23.8514","19.5089","465.316","298","2020-11-16 18:52:47"
"162","LA34_1","1","0.916568","18.7951","17.227","323.782","139","2020-11-16 18:52:48"
"163","LA34_3","1","0.910414","18.3506","16.7067","306.577","174","2020-11-16 18:52:48"
"164","LA34_2","1","0.9098","18.8243","17.1263","322.391","155","2020-11-16 18:52:48"
"165","LA34_4","1","0.914203","22.8471","20.8869","477.205","161","2020-11-16 18:52:48"
"166","LA34_5","1","0.900695","20.9408","18.8613","394.972","168","2020-11-16 18:52:48"
"167","LA35_1","1","0.761757","30.9545","23.5798","729.901","273","2020-11-16 18:52:48"
"168","LA35_3","1","0.762809","28.594","21.8118","623.687","239","2020-11-16 18:52:49"
"169","LA35_2","1","0.76536","27.6233","21.1417","584.004","241","2020-11-16 18:52:49"
"170","LA36_1","1","0.910162","12.1237","11.0345","133.779","59","2020-11-16 18:52:49"
"171","LA35_5","1","0.773597","16.7305","12.9427","216.538","211","2020-11-16 18:52:49"
"172","LA35_4","1","0.773252","28.0933","21.7232","610.278","256","2020-11-16 18:52:49"
"173","LA36_2","1","0.902579","10.8697","9.81075","106.64","126","2020-11-16 18:52:49"
"174","LA36_3","1","0.857636","13.1666","11.2922","148.68","121","2020-11-16 18:52:49"
"175","LA4_2","1","0.854645","12.6568","10.8171","136.91","94","2020-11-16 18:52:50"
"176","LA4_3","1","0.88801","14.0677","12.4922","175.737","84","2020-11-16 18:52:50"
"177","LA4_1","1","0.867798","14.0265","12.1722","170.734","103","2020-11-16 18:52:50"
"178","LA4_4","1","0.877718","10.376","9.10724","94.4971","82","2020-11-16 18:52:50"
"179","LA4_5","1","0.902664","18.7329","16.9095","316.765","157","2020-11-16 18:52:50"
"180","LA41_2","1","0.93138","21.9825","20.474","450.07","162","2020-11-16 18:52:50"
"181","LA41_1","1","0.930891","21.2902","19.8189","421.948","149","2020-11-16 18:52:51"
"182","LA41_3","1","0.915242","22.0894","20.2171","446.584","138","2020-11-16 18:52:51"
"183","LA41_4","1","0.907837","19.0397","17.2849","329.1","154","2020-11-16 18:52:51"
"184","LA41_5","1","0.926819","22.6816","21.0217","476.806","146","2020-11-16 18:52:51"
"185","LA42_1","1","0.870287","9.99881","8.70184","87.008","111","2020-11-16 18:52:51"
"186","LA42_2","1","0.888936","12.7003","11.2898","143.384","148","2020-11-16 18:52:52"
"187","LA42_3","1","0.893901","14.5569","13.0125","189.422","153","2020-11-16 18:52:52"
"188","LA42_4","1","0.869092","11.4862","9.9826","114.662","123","2020-11-16 18:52:52"
"189","LA43_2","1","0.92198","19.5971","18.0682","354.084","137","2020-11-16 18:52:52"
"190","LA42_5","1","0.906738","14.3815","13.0403","187.54","136","2020-11-16 18:52:52"
"191","LA43_4","1","0.92261","20.3776","18.8006","383.111","163","2020-11-16 18:52:53"
"192","LA43_6","1","0.927565","20.9273","19.4115","406.23","152","2020-11-16 18:52:53"
"193","LA43_3","1","0.920598","17.6957","16.2906","288.273","127","2020-11-16 18:52:53"
"194","LA43_7","1","0.916892","14.4152","13.2171","190.527","156","2020-11-16 18:52:53"
"195","LA44_2","1","0.91977","17.6469","16.2311","286.427","119","2020-11-16 18:52:54"
"196","LA44_3","1","0.939163","25.9521","24.3733","632.537","132","2020-11-16 18:52:54"
"197","LA44_1","1","0.929434","24.0181","22.3232","536.16","176","2020-11-16 18:52:54"
"198","LA44_4","1","0.93571","21.3606","19.9873","426.942","155","2020-11-16 18:52:54"
"199","LA44_5","1","0.934862","19.8638","18.5699","368.868","133","2020-11-16 18:52:54"
"200","LA45_1","1","0.922852","33.2983","30.7294","1023.24","258","2020-11-16 18:52:54"
"201","LA45_3","1","0.918461","36.8877","33.8799","1249.75","330","2020-11-16 18:52:55"
"202","LA45_2","1","0.944849","39.4958","37.3176","1473.89","332","2020-11-16 18:52:55"
"203","LA45_5","1","0.92427","31.5884","29.1962","922.263","296","2020-11-16 18:52:55"
"204","LA45_4","1","0.934864","38.0617","35.5825","1354.33","261","2020-11-16 18:52:55"
"205","LA46_1","1","0.909748","30.258","27.5271","832.914","138","2020-11-16 18:52:56"
"206","LA46_3","1","0.886647","32.0082","28.38","908.393","149","2020-11-16 18:52:56"
"207","LA46_2","1","0.889577","30.6026","27.2234","833.106","203","2020-11-16 18:52:56"
"208","LA46_5","1","0.914898","35.7013","32.663","1166.11","221","2020-11-16 18:52:56"
"209","LA46_4","1","0.914094","29.599","27.0562","800.837","178","2020-11-16 18:52:56"
"210","LA48_2","1","0.891361","10.9654","9.77416","107.178","128","2020-11-16 18:52:56"
"211","LA48_1","1","0.86073","8.04972","6.92863","55.7735","108","2020-11-16 18:52:56"
"212","LA48_3","1","0.910229","15.1276","13.7696","208.3","143","2020-11-16 18:52:56"
"213","LA48_5","1","0.889682","10.5493","9.38553","99.0109","148","2020-11-16 18:52:56"
"214","LA48_4","1","0.902086","12.2326","11.0348","134.984","149","2020-11-16 18:52:57"
"215","LA49_1","1","0.879919","12.4564","10.9606","136.53","174","2020-11-16 18:52:57"
"216","LA49_2","1","0.875046","11.9769","10.4804","125.523","172","2020-11-16 18:52:57"
"217","LA49_3","1","0.878117","12.4162","10.9029","135.373","183","2020-11-16 18:52:57"
"218","LA49_5","1","0.866542","12.2145","10.5843","129.282","164","2020-11-16 18:52:58"
"219","LA49_4","1","0.89646","14.5827","13.0728","190.637","104","2020-11-16 18:52:58"
"220","LA55_1","1","0.834165","12.5651","10.4813","131.699","189","2020-11-16 18:52:58"
"221","LA52_1","1","0.870949","11.7954","10.2732","121.176","58","2020-11-16 18:52:59"
"222","LA55_2","1","0.856148","13.4601","11.5239","155.112","149","2020-11-16 18:52:59"
"223","LA59_10","1","0.946926","32.2738","30.5609","986.314","218","2020-11-16 18:52:59"
"224","LA55_3","1","0.883433","25.9718","22.9443","595.906","208","2020-11-16 18:52:59"
"225","LA59_9","1","0.929013","29.9275","27.8031","832.077","242","2020-11-16 18:52:59"
"226","LA59_2","1","0.948278","34.5431","32.7565","1131.51","193","2020-11-16 18:52:59"
"227","LA59_7","1","0.929335","25.5034","23.7012","604.463","218","2020-11-16 18:52:59"
"228","LA6_1","1","0.849782","13.8068","11.7328","161.992","97","2020-11-16 18:53:00"
"229","LA59_5","1","0.932358","40.1308","37.4163","1501.55","202","2020-11-16 18:53:00"
"230","LA6_3","1","0.835053","13.5345","11.302","152.967","115","2020-11-16 18:53:00"
"231","LA6_4","1","0.895539","14.6713","13.1387","192.761","115","2020-11-16 18:53:00"
"232","LA6_5","1","0.821646","12.2037","10.0271","122.368","113","2020-11-16 18:53:00"
"233","LA6_8","1","0.849095","11.0337","9.36868","103.371","112","2020-11-16 18:53:01"
"234","LA6_7","1","0.835116","11.0386","9.21851","101.76","99","2020-11-16 18:53:01"
"235","LA60_2","1","0.784653","15.0052","11.7738","176.668","227","2020-11-16 18:53:01"
"236","LA60_1","1","0.776497","14.0246","10.89","152.728","202","2020-11-16 18:53:01"
"237","LA60_3","1","0.773556","13.5847","10.5085","142.755","211","2020-11-16 18:53:01"
"238","LA61_1","1","0.810182","11.3491","9.19482","104.353","65","2020-11-16 18:53:02"
"239","LA60_4","1","0.762509","13.426","10.2375","137.448","288","2020-11-16 18:53:02"
"240","LA61_2","1","0.803852","10.3002","8.27984","85.2841","56","2020-11-16 18:53:02"
"241","LA60_5","1","0.779468","13.898","10.833","150.557","221","2020-11-16 18:53:02"
"242","LA7_1","1","0.893874","14.2019","12.6947","180.288","89","2020-11-16 18:53:02"
"243","LA7_3","1","0.899885","14.1521","12.7353","180.232","87","2020-11-16 18:53:02"
"244","LA7_2","1","0.909957","15.5014","14.1056","218.656","95","2020-11-16 18:53:02"
"245","LA61_3","1","0.840045","11.2968","9.48979","107.204","57","2020-11-16 18:53:02"
"246","LA7_4","1","0.882427","15.2777","13.4815","205.967","136","2020-11-16 18:53:03"
"247","LA7_5","1","0.936273","21.886","20.4913","448.472","121","2020-11-16 18:53:03"
"248","LA8_1","1","0.905983","20.2356","18.3331","370.981","268","2020-11-16 18:53:03"
"249","LA8_2","1","0.91451","23.8111","21.7755","518.499","272","2020-11-16 18:53:03"
"250","LA8_3","1","0.908166","22.3608","20.3073","454.087","326","2020-11-16 18:53:04"
"251","LA8_4","1","0.885697","41.2251","36.5129","1505.25","313","2020-11-16 18:53:04"
"252","LA9_1","1","0.920399","50.6112","46.5825","2357.6","328","2020-11-16 18:53:04"
"253","LA8_5","1","0.901863","20.9171","18.8643","394.586","325","2020-11-16 18:53:05"
"254","LA9_2","1","0.876213","38.9002","34.0848","1325.9","398","2020-11-16 18:53:05"
"255","LA9_3","1","0.87462","41.4744","36.2743","1504.45","371","2020-11-16 18:53:05"
"256","LA9_4","1","0.928918","35.5925","33.0625","1176.78","232","2020-11-16 18:53:05"
"257","LA9_5","1","0.846327","26.9549","22.8127","614.915","441","2020-11-16 18:53:05"
"258","M14_2","1","0.927353","16.3033","15.119","246.489","136","2020-11-16 18:53:05"
"259","M14_1","1","0.876608","10.3824","9.10129","94.4932","101","2020-11-16 18:53:05"
"260","M14_4","1","0.862486","9.96186","8.59197","85.592","89","2020-11-16 18:53:05"
"261","M14_3","1","0.864542","14.4955","12.532","181.657","91","2020-11-16 18:53:06"
"262","M14_5","1","0.90916","18.2137","16.5592","301.604","112","2020-11-16 18:53:06"
"263","M15_1","1","0.857939","21.2288","18.213","386.641","206","2020-11-16 18:53:06"
"264","M15_2","1","0.854174","16.7551","14.3118","239.795","192","2020-11-16 18:53:06"
"265","M15_5","1","0.922755","19.7589","18.2326","360.258","126","2020-11-16 18:53:07"
"266","M16_1","1","0.909084","25.1422","22.8563","574.658","173","2020-11-16 18:53:07"
"267","M15_6","1","0.893358","17.8937","15.9855","286.041","134","2020-11-16 18:53:07"
"268","M16_2","1","0.890915","22.3417","19.9045","444.701","120","2020-11-16 18:53:08"
"269","M15_3","1","0.921728","13.9028","12.8146","178.158","132","2020-11-16 18:53:08"
"270","M16_6","1","0.871034","22.3177","19.4395","433.845","185","2020-11-16 18:53:08"
"271","M16_3","1","0.903407","24.7665","22.3742","554.13","124","2020-11-16 18:53:08"
"272","M18_1","1","0.875209","9.67113","8.46427","81.859","76","2020-11-16 18:53:08"
"273","M18_4","1","0.861076","9.03956","7.78374","70.3616","64","2020-11-16 18:53:08"
"274","M16_5","1","0.891148","23.5658","21.0006","494.898","168","2020-11-16 18:53:08"
"275","M18_2","1","0.902131","15.0878","13.6112","205.362","121","2020-11-16 18:53:09"
"276","M18_3","1","0.857292","7.88726","6.76168","53.3312","72","2020-11-16 18:53:09"
"277","M18_5","1","0.848803","9.51572","8.07697","76.8582","31","2020-11-16 18:53:09"
"278","M24_1","1","0.864691","12.2708","10.6104","130.198","67","2020-11-16 18:53:09"
"279","M24_2","1","0.85249","9.45151","8.05732","76.1538","57","2020-11-16 18:53:10"
"280","M24_3","1","0.920456","14.9629","13.7727","206.08","75","2020-11-16 18:53:10"
"281","M25_1","1","0.871108","15.0536","13.1133","197.401","231","2020-11-16 18:53:10"
"282","M25_4","1","0.865617","13.4381","11.6322","156.315","221","2020-11-16 18:53:10"
"283","M25_3","1","0.882165","14.028","12.375","173.598","241","2020-11-16 18:53:11"
"284","M26_3","1","0.810993","10.7009","8.67833","92.8656","219","2020-11-16 18:53:11"
"285","M26_2","1","0.90472","18.0401","16.3212","294.435","206","2020-11-16 18:53:11"
"286","M26_4","1","0.888476","24.2014","21.5023","520.386","217","2020-11-16 18:53:11"
"287","M25_2","1","0.87629","14.079","12.3373","173.697","232","2020-11-16 18:53:11"
"288","M26_1","1","0.881126","24.9512","21.9852","548.558","206","2020-11-16 18:53:11"
"289","M25_5","1","0.889641","17.079","15.1941","259.5","275","2020-11-16 18:53:11"
"290","M26_5","1","0.89698","19.8258","17.7833","352.568","221","2020-11-16 18:53:11"
"291","M27b_5","1","0.893041","17.7587","15.8593","281.64","165","2020-11-16 18:53:12"
"292","M27b_11","1","0.742531","20.1412","14.9554","301.22","154","2020-11-16 18:53:12"
"293","M28_1","1","0.899916","27.2159","24.4921","666.575","295","2020-11-16 18:53:12"
"294","M27b_2","1","0.817262","12.7972","10.4586","133.841","44","2020-11-16 18:53:12"
"295","M27b_4","1","0.927952","23.2549","21.5794","501.826","156","2020-11-16 18:53:13"
"296","M27b_1","1","0.8807","19.707","17.356","342.034","149","2020-11-16 18:53:13"
"297","M28_2","1","0.881501","26.0145","22.9318","596.558","182","2020-11-16 18:53:14"
"298","M28_3","1","0.899796","24.4403","21.9913","537.474","314","2020-11-16 18:53:14"
"299","M28_4","1","0.898688","27.6503","24.849","687.085","289","2020-11-16 18:53:14"
"300","M28_5","1","0.879764","19.7627","17.3865","343.606","307","2020-11-16 18:53:15"
"301","M29_5","1","0.859111","43.1613","37.0804","1600.44","217","2020-11-16 18:53:15"
"302","M29_2","1","0.873481","47.6321","41.6057","1981.77","219","2020-11-16 18:53:15"
"303","M29_4","1","0.938817","64.0586","60.1392","3852.43","329","2020-11-16 18:53:15"
"304","M29_3","1","0.908226","37.4602","34.0223","1274.48","189","2020-11-16 18:53:15"
"305","M29_1","1","0.905598","40.6975","36.8556","1499.93","185","2020-11-16 18:53:15"
"306","M31_2","1","0.85291","16.6076","14.1648","235.244","165","2020-11-16 18:53:15"
"307","M31_1","1","0.858344","14.1913","12.181","172.864","119","2020-11-16 18:53:15"
"308","M31_3","1","0.929351","22.9985","21.3737","491.563","152","2020-11-16 18:53:16"
"309","M31_4","1","0.860378","14.382","12.3739","177.961","125","2020-11-16 18:53:16"
"310","M31_5","1","0.782751","10.1403","7.93734","80.4871","149","2020-11-16 18:53:16"
"311","M32_2","1","0.875175","14.1228","12.3599","174.557","107","2020-11-16 18:53:16"
"312","M36_2","1","0.907555","21.2964","19.3276","411.608","250","2020-11-16 18:53:17"
"313","M36_3","1","0.924411","32.5804","30.1177","981.245","361","2020-11-16 18:53:17"
"314","M32_1","1","0.881677","15.3492","13.5331","207.722","152","2020-11-16 18:53:17"
"315","M32_4","1","0.91487","15.9642","14.6052","233.161","71","2020-11-16 18:53:17"
"316","M32_3","1","0.913751","14.3634","13.1245","188.513","135","2020-11-16 18:53:17"
"317","M39b_2","1","0.884042","11.4364","10.1102","115.625","62","2020-11-16 18:53:17"
"318","M39b_1","1","0.920872","14.6963","13.5334","198.892","49","2020-11-16 18:53:17"
"319","M32_5","1","0.90049","15.7369","14.171","223.008","108","2020-11-16 18:53:17"
"320","M36_1","1","0.901939","17.4858","15.7711","275.769","224","2020-11-16 18:53:17"
"321","M36_5","1","0.909241","20.6056","18.7354","386.053","269","2020-11-16 18:53:17"
"322","M36_4","1","0.88116","28.3923","25.0182","710.325","235","2020-11-16 18:53:18"
"323","M39b_3","1","0.851796","10.1218","8.62173","87.2677","59","2020-11-16 18:53:18"
"324","M39b_4","1","0.921754","16.5445","15.25","252.304","83","2020-11-16 18:53:18"
"325","M4_2","1","0.873284","16.1934","14.1414","228.998","248","2020-11-16 18:53:19"
"326","M4_4","1","0.884196","21.9218","19.3831","424.913","200","2020-11-16 18:53:20"
"327","M40a_1","1","0.920996","23.9869","22.0918","529.915","261","2020-11-16 18:53:21"
"328","M4_5","1","0.869501","15.823","13.7581","217.694","212","2020-11-16 18:53:21"
"329","M40d_1","1","0.753016","6.67392","5.02557","33.5402","188","2020-11-16 18:53:21"
"330","M40a_2","1","0.904609","19.6143","17.7433","348.023","208","2020-11-16 18:53:21"
"331","M40a_3","1","0.913563","26.3868","24.106","636.081","250","2020-11-16 18:53:21"
"332","M40d_2","1","0.727133","4.52441","3.28985","14.8846","153","2020-11-16 18:53:21"
"333","M40a_6","1","0.909569","27.245","24.7812","675.162","281","2020-11-16 18:53:21"
"334","M40d_3","1","0.718348","4.46745","3.20919","14.3369","134","2020-11-16 18:53:22"
"335","M40d_4","1","0.739151","5.16995","3.82137","19.7563","149","2020-11-16 18:53:22"
"336","M4_3","1","0.881287","18.1827","16.0242","291.362","191","2020-11-16 18:53:22"
"337","M40d_5","1","0.759336","5.41534","4.11206","22.2682","167","2020-11-16 18:53:22"
"338","M41_1","1","0.892471","15.4381","13.778","212.706","147","2020-11-16 18:53:22"
"339","M51_2","1","0.912497","21.3727","19.5025","416.821","304","2020-11-16 18:53:22"
"340","M5_4","1","0.913367","14.8127","13.5295","200.408","106","2020-11-16 18:53:22"
"341","M5_1","1","0.880642","10.7668","9.48168","102.087","112","2020-11-16 18:53:22"
"342","M5_5","1","0.811151","10.3531","8.39795","86.9449","119","2020-11-16 18:53:22"
"343","M5_2","1","0.906915","11.7443","10.6511","125.09","81","2020-11-16 18:53:23"
"344","M40a_5","1","0.924712","28.0709","25.9575","728.651","204","2020-11-16 18:53:23"
"345","M4_1","1","0.845248","15.1044","12.7669","192.836","255","2020-11-16 18:53:23"
"346","M5_3","1","0.832517","11.2827","9.39302","105.978","113","2020-11-16 18:53:23"
"347","M51_1","1","0.917273","22.63","20.7579","469.75","256","2020-11-16 18:53:23"
"348","M51_4","1","0.900394","25.6031","23.0529","590.225","254","2020-11-16 18:53:23"
"349","M57_2","1","0.732184","24.2967","17.7897","432.231","337","2020-11-16 18:53:23"
"350","M57_1","1","0.820742","19.9918","16.4081","328.028","351","2020-11-16 18:53:23"
"351","M51_5","1","0.92434","29.2144","27.004","788.907","279","2020-11-16 18:53:24"
"352","M51_3","1","0.8808","27.2407","23.9936","653.602","288","2020-11-16 18:53:24"
"353","M59_1","1","0.887736","13.098","11.6275","152.297","139","2020-11-16 18:53:24"
"354","M60_1","1","0.917954","20.7079","19.0089","393.633","151","2020-11-16 18:53:24"
"355","M59_2","1","0.871397","14.2023","12.3758","175.765","137","2020-11-16 18:53:24"
"356","M60_2","1","0.896248","14.483","12.9803","187.994","164","2020-11-16 18:53:24"
"357","M60_3","1","0.903472","31.7","28.6401","907.892","255","2020-11-16 18:53:25"
"358","M60_4","1","0.903762","13.7591","12.4349","171.093","106","2020-11-16 18:53:26"
"359","M61_1","1","0.891125","13.388","11.9304","159.725","100","2020-11-16 18:53:27"
"360","M60_5","1","0.887634","26.9771","23.9458","645.99","174","2020-11-16 18:53:27"
"361","M61_2","1","0.929424","26.5274","24.6552","654.04","152","2020-11-16 18:53:27"
"362","M61_3","1","0.910199","18.0748","16.4517","297.361","181","2020-11-16 18:53:27"
"363","M61_4","1","0.865563","9.63552","8.34015","80.3617","111","2020-11-16 18:53:27"
"364","M61_5","1","0.905164","15.9771","14.4619","231.058","116","2020-11-16 18:53:27"
"365","M62_1","1","0.948261","20.668","19.5986","405.063","136","2020-11-16 18:53:27"
"366","M62_3","1","0.881108","15.3611","13.5348","207.909","110","2020-11-16 18:53:28"
"367","M62_2","1","0.916784","25.2148","23.1165","582.879","164","2020-11-16 18:53:28"
"368","M62_4","1","0.919241","24.8206","22.8161","566.31","141","2020-11-16 18:53:28"
"369","M63_1","1","0.715693","9.10541","6.51668","59.337","84","2020-11-16 18:53:28"
"370","M62_5","1","0.891053","22.8256","20.3388","464.247","145","2020-11-16 18:53:28"
"371","M63_3","1","0.582952","16.0754","9.37117","150.645","135","2020-11-16 18:53:28"
"372","M68_1","1","0.828552","16.774","13.8981","233.127","171","2020-11-16 18:53:28"
"373","M65_1","1","0.801527","26.9962","21.6382","584.148","364","2020-11-16 18:53:28"
"374","M63_2","1","0.669048","14.543","9.72997","141.503","135","2020-11-16 18:53:28"
"375","M68_2","1","0.821122","14.983","12.3029","184.335","111","2020-11-16 18:53:29"
"376","M69_1","1","0.818635","10.4866","8.58473","90.025","103","2020-11-16 18:53:29"
"377","M68_3","1","0.865421","17.1137","14.8106","253.464","187","2020-11-16 18:53:29"
"378","M68_4","1","0.816052","9.4935","7.74719","73.5479","88","2020-11-16 18:53:29"
"379","M69_2","1","0.856579","12.4757","10.6864","133.32","110","2020-11-16 18:53:29"
"380","M70_1","1","0.75654","18.3641","13.8932","255.136","152","2020-11-16 18:53:29"
"381","M70_2","1","0.809949","15.9413","12.9116","205.828","191","2020-11-16 18:53:29"
"382","M70_3","1","0.794488","16.9084","13.4336","227.141","139","2020-11-16 18:53:29"
"383","M8_1","1","0.931608","18.3936","17.1356","315.187","97","2020-11-16 18:53:30"
"384","M71_1","1","0.956722","38.087","36.4386","1387.84","186","2020-11-16 18:53:30"
"385","M8_3","1","0.940186","19.6449","18.4699","362.839","92","2020-11-16 18:53:30"
"386","M71_3","1","0.960287","42.7401","41.0428","1754.18","186","2020-11-16 18:53:30"
"387","M8_2","1","0.897373","11.8452","10.6296","125.91","100","2020-11-16 18:53:30"
"388","M71_2","1","0.952415","53.0927","50.5663","2684.7","217","2020-11-16 18:53:30"
"389","M8_4","1","0.900542","10.9098","9.82469","107.185","101","2020-11-16 18:53:31"
"390","M9_1","1","0.849582","20.2965","17.2435","349.984","212","2020-11-16 18:53:32"
"391","M9_2","1","0.831121","14.8033","12.3033","182.129","184","2020-11-16 18:53:32"
"392","M9_4","1","0.843109","16.4634","13.8805","228.521","116","2020-11-16 18:53:33"
"393","M9_3","1","0.837189","17.7609","14.8693","264.092","132","2020-11-16 18:53:33"
"394","N1_1","1","0.920608","16.9257","15.582","263.737","124","2020-11-16 18:53:33"
"395","N1_2","1","0.877527","12.8882","11.3097","145.762","136","2020-11-16 18:53:33"
"396","M9_5","1","0.813749","17.7183","14.4183","255.468","185","2020-11-16 18:53:33"
"397","N10_1","1","0.738561","34.8353","25.728","896.242","290","2020-11-16 18:53:33"
"398","N1_3","1","0.90007","21.6107","19.4511","420.352","151","2020-11-16 18:53:33"
"399","N1_4","1","0.904972","17.3088","15.664","271.125","149","2020-11-16 18:53:34"
"400","N11_2","1","0.892512","16.1957","14.4548","234.106","169","2020-11-16 18:53:34"
"401","N11_3","1","0.879917","14.9829","13.1837","197.531","121","2020-11-16 18:53:34"
"402","N10_2","1","0.750746","29.4945","22.1429","653.093","368","2020-11-16 18:53:34"
"403","N10_3","1","0.808286","21.8652","17.6733","386.431","291","2020-11-16 18:53:34"
"404","N11_1","1","0.883736","16.5373","14.6146","241.687","185","2020-11-16 18:53:34"
"405","N11_5","1","0.914036","17.8125","16.2813","290.01","78","2020-11-16 18:53:34"
"406","N11_4","1","0.862758","14.7326","12.7107","187.261","138","2020-11-16 18:53:35"
"407","N12_1","1","0.839242","8.0434","6.75036","54.2959","80","2020-11-16 18:53:35"
"408","N13_1","1","0.891309","27.9364","24.9","695.617","270","2020-11-16 18:53:35"
"409","N12_3","1","0.846117","8.34097","7.05743","58.8658","133","2020-11-16 18:53:35"
"410","N13_2","1","0.877475","22.0675","19.3637","427.308","234","2020-11-16 18:53:35"
"411","N12_2","1","0.864261","9.61228","8.30752","79.8542","109","2020-11-16 18:53:35"
"412","N12_5","1","0.82777","7.63045","6.31626","48.1959","107","2020-11-16 18:53:35"
"413","N14_2","1","0.733078","47.5796","34.8796","1659.56","384","2020-11-16 18:53:36"
"414","N14_1","1","0.857904","30.7339","26.3667","810.352","180","2020-11-16 18:53:36"
"415","N13_3","1","0.879239","22.7287","19.984","454.211","291","2020-11-16 18:53:36"
"416","N13_4","1","0.853335","17.3834","14.8339","257.864","217","2020-11-16 18:53:36"
"417","N14_3","1","0.760334","42.7428","32.4988","1389.09","351","2020-11-16 18:53:36"
"418","N12_4","1","0.846575","8.26535","6.99724","57.8347","103","2020-11-16 18:53:36"
"419","N14_4","1","0.858552","35.2823","30.2917","1068.76","194","2020-11-16 18:53:37"
"420","N14_5","1","0.743485","52.5091","39.0398","2049.94","369","2020-11-16 18:53:37"
"421","N13_6","1","0.871631","18.9801","16.5436","313.999","246","2020-11-16 18:53:37"
"422","N15_1","1","0.928674","27.329","25.3797","693.602","193","2020-11-16 18:53:38"
"423","N15_2","1","0.901097","15.1094","13.6151","205.716","158","2020-11-16 18:53:38"
"424","N15_3","1","0.922266","15.5618","14.3521","223.346","164","2020-11-16 18:53:39"
"425","N15_4","1","0.932203","25.6793","23.9383","614.717","213","2020-11-16 18:53:39"
"426","N16_3","1","0.772633","17.7626","13.724","243.774","175","2020-11-16 18:53:39"
"427","N15_5","1","0.930885","19.4429","18.0991","351.898","159","2020-11-16 18:53:39"
"428","N16_1","1","0.843132","26.6952","22.5075","600.842","169","2020-11-16 18:53:39"
"429","N16_2","1","0.780603","6.98672","5.45385","38.1046","101","2020-11-16 18:53:39"
"430","N16_4","1","0.805039","20.7223","16.6823","345.696","188","2020-11-16 18:53:39"
"431","N16_5","1","0.800761","24.338","19.4889","474.32","201","2020-11-16 18:53:40"
"432","N18_1","1","0.910128","14.6981","13.3772","196.62","205","2020-11-16 18:53:40"
"433","N18_2","1","0.911184","19.2566","17.5463","337.884","261","2020-11-16 18:53:40"
"434","N18_4","1","0.911402","19.1395","17.4438","333.865","206","2020-11-16 18:53:40"
"435","N18_3","1","0.921749","18.6058","17.1499","319.086","218","2020-11-16 18:53:40"
"436","N18_5","1","0.914675","15.0131","13.7321","206.16","199","2020-11-16 18:53:40"
"437","N19_1","1","0.897291","23.6736","21.2421","502.879","208","2020-11-16 18:53:40"
"438","N19_4","1","0.90302","23.5728","21.2867","501.787","196","2020-11-16 18:53:41"
"439","N20_1","1","0.826346","14.6323","12.0914","176.924","272","2020-11-16 18:53:41"
"440","N19_5","1","0.885661","20.8449","18.4615","384.829","230","2020-11-16 18:53:41"
"441","N19_3","1","0.874182","26.7198","23.358","624.121","231","2020-11-16 18:53:41"
"442","N19_2","1","0.866036","19.1783","16.6091","318.533","211","2020-11-16 18:53:41"
"443","N20_2","1","0.87099","84.5339","73.6283","6224.09","1052","2020-11-16 18:53:41"
"444","N20_5","1","0.840538","67.4623","56.7046","3825.42","1073","2020-11-16 18:53:41"
"445","N20_3","1","0.862613","13.0883","11.2901","147.769","252","2020-11-16 18:53:41"
"446","N20_4","1","0.855682","21.8322","18.6814","407.856","318","2020-11-16 18:53:41"
"447","N21_3","1","0.912834","19.1443","17.4755","334.556","233","2020-11-16 18:53:42"
"448","N21_1","1","0.896964","31.3798","28.1466","883.235","228","2020-11-16 18:53:42"
"449","N21_4","1","0.902293","20.3762","18.3853","374.623","203","2020-11-16 18:53:43"
"450","N22_2","1","0.745461","25.3646","18.9083","479.6","218","2020-11-16 18:53:43"
"451","N22_3","1","0.792814","29.2422","23.1836","677.939","196","2020-11-16 18:53:43"
"452","N22_1","1","0.766963","25.9835","19.9284","517.81","203","2020-11-16 18:53:43"
"453","N22_4","1","0.746593","33.2922","24.8557","827.502","312","2020-11-16 18:53:43"
"454","N23_1","1","0.804818","14.3517","11.5505","165.768","268","2020-11-16 18:53:44"
"455","N21_5","1","0.910697","19.1747","17.4623","334.834","281","2020-11-16 18:53:44"
"456","N22_5","1","0.716839","30.6184","21.9485","672.026","293","2020-11-16 18:53:45"
"457","N23_2","1","0.817391","18.7624","15.3362","287.744","342","2020-11-16 18:53:45"
"458","N24_1","1","0.903329","11.3188","10.2246","115.73","106","2020-11-16 18:53:46"
"459","N23_4","1","0.805264","18.5408","14.9302","276.819","349","2020-11-16 18:53:46"
"460","N24_2","1","0.903024","11.5313","10.4131","120.077","108","2020-11-16 18:53:46"
"461","N25_2","1","0.818743","15.9085","13.025","207.207","168","2020-11-16 18:53:46"
"462","N23_5","1","0.768772","16.4341","12.6341","207.63","268","2020-11-16 18:53:46"
"463","N23_3","1","0.819828","20.608","16.895","348.171","390","2020-11-16 18:53:46"
"464","N25_4","1","0.768198","15.2059","11.6812","177.623","185","2020-11-16 18:53:46"
"465","N24_3","1","0.882401","9.88116","8.71914","86.1552","122","2020-11-16 18:53:46"
"466","N26_3","1","0.93246","23.1825","21.6168","501.131","101","2020-11-16 18:53:46"
"467","N25_3","1","0.858902","17.1795","14.7555","253.492","161","2020-11-16 18:53:46"
"468","N26_5","1","0.939847","23.986","22.5431","540.718","168","2020-11-16 18:53:47"
"469","N26_1","1","0.925553","25.9651","24.0321","623.995","138","2020-11-16 18:53:47"
"470","N25_6","1","0.82946","19.9838","16.5758","331.247","181","2020-11-16 18:53:47"
"471","N25_1","1","0.827109","16.6516","13.7727","229.337","171","2020-11-16 18:53:47"
"472","N26_6","1","0.899023","14.7257","13.2387","194.949","102","2020-11-16 18:53:47"
"473","N28_1","1","0.81364","52.5989","42.7966","2251.06","346","2020-11-16 18:53:47"
"474","N27_1","1","0.847409","10.1689","8.61719","87.6271","113","2020-11-16 18:53:47"
"475","N26_4","1","0.939712","24.4765","23.0009","562.982","105","2020-11-16 18:53:47"
"476","N27_2","1","0.915797","18.2916","16.7514","306.411","153","2020-11-16 18:53:48"
"477","N28_2","1","0.909153","22.5817","20.5302","463.608","162","2020-11-16 18:53:48"
"478","N27_4","1","0.843608","9.87374","8.32957","82.244","97","2020-11-16 18:53:48"
"479","N28_3","1","0.841748","16.157","13.6001","219.736","222","2020-11-16 18:53:48"
"480","N29_1","1","0.846507","14.664","12.4132","182.027","192","2020-11-16 18:53:48"
"481","N28_4","1","0.904597","25.0749","22.6827","568.768","226","2020-11-16 18:53:49"
"482","N28_5","1","0.895308","20.7672","18.5931","386.126","165","2020-11-16 18:53:49"
"483","N27_3","1","0.797654","8.48453","6.76771","57.4209","100","2020-11-16 18:53:49"
"484","N29_2","1","0.840305","12.6898","10.6633","135.315","159","2020-11-16 18:53:49"
"485","N29_3","1","0.823668","11.4221","9.40798","107.458","172","2020-11-16 18:53:49"
"486","N29_4","1","0.828508","12.4517","10.3164","128.457","215","2020-11-16 18:53:50"
"487","N29_5","1","0.870332","16.7641","14.5903","244.593","185","2020-11-16 18:53:51"
"488","N3_1","1","0.82697","29.7834","24.63","733.566","424","2020-11-16 18:53:51"
"489","N3_2","1","0.833797","28.6557","23.8931","684.674","423","2020-11-16 18:53:51"
"490","N30_1","1","0.790427","12.6638","10.0098","126.762","119","2020-11-16 18:53:51"
"491","N3_4","1","0.828748","30.6644","25.4131","779.279","495","2020-11-16 18:53:52"
"492","N3_5","1","0.815871","23.2511","18.9699","441.073","478","2020-11-16 18:53:52"
"493","N30_2","1","0.849408","24.1716","20.5315","496.28","415","2020-11-16 18:53:52"
"494","N3_3","1","0.83823","24.1445","20.2386","488.651","426","2020-11-16 18:53:52"
"495","N31_2","1","0.85992","29.8388","25.659","765.633","175","2020-11-16 18:53:52"
"496","N31_1","1","0.861612","41.6174","35.8581","1492.32","344","2020-11-16 18:53:52"
"497","N31_4","1","0.862707","24.125","20.8128","502.108","175","2020-11-16 18:53:52"
"498","N31_3","1","0.881517","26.5734","23.4249","622.48","189","2020-11-16 18:53:52"
"499","N32_2","1","0.851154","25.6888","21.8651","561.689","178","2020-11-16 18:53:52"
"500","N31_6","1","0.872911","27.9801","24.4241","683.389","183","2020-11-16 18:53:53"
"501","N32_4","1","0.885967","27.9773","24.787","693.474","273","2020-11-16 18:53:53"
"502","N32_1","1","0.827352","24.0855","19.9272","479.955","177","2020-11-16 18:53:53"
"503","N32_3","1","0.851197","23.9645","20.3985","488.839","225","2020-11-16 18:53:53"
"504","N32_5","1","0.860816","23.7533","20.4472","485.69","160","2020-11-16 18:53:53"
"505","N34_1","1","0.862036","37.323","32.1738","1200.82","230","2020-11-16 18:53:53"
"506","N34_5","1","0.859768","24.2483","20.8479","505.525","204","2020-11-16 18:53:53"
"507","N34_3","1","0.892974","27.3053","24.3829","665.783","210","2020-11-16 18:53:53"
"508","N34_4","1","0.831917","27.5538","22.9225","631.603","183","2020-11-16 18:53:54"
"509","N34_2","1","0.864804","30.3012","26.2046","794.029","205","2020-11-16 18:53:54"
"510","N35_1","1","0.898378","21.4461","19.2667","413.194","297","2020-11-16 18:53:54"
"511","N35_3","1","0.897306","19.547","17.5396","342.846","314","2020-11-16 18:53:54"
"512","N35_2","1","0.901881","21.8788","19.732","431.713","302","2020-11-16 18:53:54"
"513","N35_5","1","0.893909","21.9478","19.6193","430.599","280","2020-11-16 18:53:55"
"514","N36_1","1","0.912852","21.0307","19.1979","403.745","241","2020-11-16 18:53:55"
"515","N35_4","1","0.895106","21.1874","18.9649","401.817","328","2020-11-16 18:53:55"
"516","N36_3","1","0.895167","21.2345","19.0084","403.634","281","2020-11-16 18:53:56"
"517","N36_2","1","0.883957","17.0606","15.0808","257.287","184","2020-11-16 18:53:56"
"518","N36_4","1","0.868127","20.4126","17.7207","361.727","252","2020-11-16 18:53:56"
"519","N37_3","1","0.918349","26.5664","24.3973","648.148","122","2020-11-16 18:53:57"
"520","N37_1","1","0.889306","23.9718","21.3183","511.038","121","2020-11-16 18:53:57"
"521","N38_3","1","0.77131","10.7087","8.2597","88.4503","190","2020-11-16 18:53:58"
"522","N37_2","1","0.869714","18.223","15.8488","288.812","136","2020-11-16 18:53:58"
"523","N37_4","1","0.892391","22.3002","19.9005","443.786","133","2020-11-16 18:53:58"
"524","N38_1","1","0.844125","16.5371","13.9594","230.847","221","2020-11-16 18:53:58"
"525","N38_2","1","0.85036","16.7681","14.259","239.096","199","2020-11-16 18:53:58"
"526","N39_5","1","0.848756","15.9065","13.5008","214.751","177","2020-11-16 18:53:58"
"527","N39_2","1","0.891753","22.3496","19.9304","445.436","207","2020-11-16 18:53:59"
"528","N38_5","1","0.853614","16.3443","13.9517","228.032","172","2020-11-16 18:53:59"
"529","N37_5","1","0.910478","23.272","21.1887","493.103","140","2020-11-16 18:53:59"
"530","N38_4","1","0.809712","13.873","11.2331","155.836","208","2020-11-16 18:53:59"
"531","N39_1","1","0.889828","95.4675","84.9497","8109.94","859","2020-11-16 18:53:59"
"532","N4_3","1","0.878708","47.2672","41.5341","1963.2","231","2020-11-16 18:53:59"
"533","N4_4","1","0.803799","44.6054","35.8538","1599.27","518","2020-11-16 18:53:59"
"534","N39_3","1","0.889032","96.7744","86.0356","8326.04","657","2020-11-16 18:54:00"
"535","N39_4","1","0.881439","18.9162","16.6735","315.4","153","2020-11-16 18:54:00"
"536","N4_2","1","0.801778","51.3144","41.1428","2111.22","575","2020-11-16 18:54:00"
"537","N39_6","1","0.844757","15.2356","12.8704","196.087","123","2020-11-16 18:54:00"
"538","N4_1","1","0.909461","22.7756","20.7135","471.764","271","2020-11-16 18:54:00"
"539","N40_1","1","0.867096","17.13","14.8534","254.438","182","2020-11-16 18:54:00"
"540","N41_1","1","0.720943","9.73268","7.01671","68.2914","187","2020-11-16 18:54:00"
"541","N4_6","1","0.899262","23.4299","21.0697","493.661","274","2020-11-16 18:54:01"
"542","N40_2","1","0.873469","18.6654","16.3036","304.313","183","2020-11-16 18:54:01"
"543","N36_5","1","0.877382","18.5402","16.2669","301.592","265","2020-11-16 18:54:01"
"544","N41_2","1","0.651715","13.6704","8.90917","121.792","160","2020-11-16 18:54:01"
"545","N40_4","1","0.885527","21.0042","18.5998","390.674","205","2020-11-16 18:54:01"
"546","N41_3","1","0.659648","10.0396","6.62263","66.4887","153","2020-11-16 18:54:01"
"547","N40_3","1","0.815195","12.7074","10.359","131.635","213","2020-11-16 18:54:02"
"548","N41_4","1","0.726582","17.6304","12.8099","225.845","150","2020-11-16 18:54:02"
"549","N42_1","1","0.912103","23.0356","21.0109","483.999","133","2020-11-16 18:54:02"
"550","N41_5","1","0.716058","13.2985","9.52248","126.634","138","2020-11-16 18:54:03"
"551","N42_2","1","0.875873","14.419","12.6292","182.1","113","2020-11-16 18:54:03"
"552","N42_3","1","0.906253","21.2686","19.2747","409.947","139","2020-11-16 18:54:04"
"553","N42_4","1","0.917601","18.5177","16.9918","314.649","100","2020-11-16 18:54:04"
"554","N46_4","1","0.834186","16.8145","14.0264","235.847","184","2020-11-16 18:54:04"
"555","N42_5","1","0.835538","13.4432","11.2323","150.998","120","2020-11-16 18:54:04"
"556","N46_2","1","0.693258","10.4646","7.25464","75.9166","163","2020-11-16 18:54:04"
"557","N46_1","1","0.821731","15.7371","12.9317","203.508","179","2020-11-16 18:54:05"
"558","N5_1","1","0.967222","78.7167","76.1365","5993.22","397","2020-11-16 18:54:05"
"559","N46_5","1","0.777439","14.9151","11.5956","172.95","154","2020-11-16 18:54:05"
"560","N5_2","1","0.937049","36.8925","34.5701","1275.38","213","2020-11-16 18:54:05"
"561","N5_5","1","0.923426","66.5451","61.4495","4089.16","403","2020-11-16 18:54:05"
"562","N46_3","1","0.777188","14.8434","11.5361","171.235","168","2020-11-16 18:54:05"
"563","N5_4","1","0.933878","51.417","48.0172","2468.9","243","2020-11-16 18:54:06"
"564","N50_2","1","0.782188","9.81514","7.67729","75.3536","147","2020-11-16 18:54:06"
"565","N50_3","1","0.699337","6.39927","4.47525","28.6384","102","2020-11-16 18:54:06"
"566","N53_1","1","0.98123","112.337","110.228","12382.6","591","2020-11-16 18:54:06"
"567","N50_1","1","0.723338","7.38896","5.34472","39.4919","113","2020-11-16 18:54:06"
"568","N53_3","1","0.909067","15.9449","14.495","231.12","214","2020-11-16 18:54:06"
"569","N53_2","1","0.889768","12.285","10.9308","134.286","207","2020-11-16 18:54:06"
"570","N5_3","1","0.971522","102.84","99.9114","10274.9","390","2020-11-16 18:54:07"
"571","N54_1","1","0.786828","6.36715","5.00985","31.8985","136","2020-11-16 18:54:07"
"572","N54_2","1","0.890583","12.1964","10.8619","132.476","180","2020-11-16 18:54:07"
"573","N6_1","1","0.868967","70.6006","61.3496","4331.31","630","2020-11-16 18:54:07"
"574","N6_3","1","0.850953","62.3384","53.047","3306.87","379","2020-11-16 18:54:07"
"575","N54_3","1","0.893578","11.6001","10.3656","120.243","185","2020-11-16 18:54:07"
"576","N65_13","1","0.894918","18.6423","16.6833","311.015","198","2020-11-16 18:54:08"
"577","N6_5","1","0.875061","73.6008","64.4052","4740.27","643","2020-11-16 18:54:08"
"578","N65_10","1","0.860968","18.7515","16.1445","302.733","202","2020-11-16 18:54:08"
"579","N6_2","1","0.838506","77.5755","65.0475","5046.09","494","2020-11-16 18:54:08"
"580","N6_4","1","0.843669","68.1101","57.4624","3913.77","505","2020-11-16 18:54:09"
"581","N65_14","1","0.853031","20.0048","17.0647","341.375","193","2020-11-16 18:54:09"
"582","N65_8","1","0.773457","16.3683","12.6602","207.225","173","2020-11-16 18:54:09"
"583","N65_18","1","0.702995","18.6697","13.1247","245.033","121","2020-11-16 18:54:09"
"584","N66_5","1","0.787307","8.13709","6.40639","52.1294","79","2020-11-16 18:54:10"
"585","N66_14","1","0.889311","16.5312","14.7014","243.033","132","2020-11-16 18:54:11"
"586","N67_6","1","0.564734","15.9773","9.02296","144.163","165","2020-11-16 18:54:11"
"587","N67_3","1","0.645293","12.7079","8.20034","104.209","137","2020-11-16 18:54:11"
"588","N66_8","1","0.835856","10.3775","8.67406","90.0148","88","2020-11-16 18:54:11"
"589","N66_4","1","0.863088","10.8675","9.3796","101.933","92","2020-11-16 18:54:11"
"590","N66_9","1","0.917384","17.3955","15.9584","277.605","109","2020-11-16 18:54:11"
"591","N67_2","1","0.568229","10.9901","6.24492","68.6326","125","2020-11-16 18:54:11"
"592","N67_1","1","0.532942","10.1532","5.41108","54.9399","133","2020-11-16 18:54:12"
"593","N7_1","1","0.894454","24.5284","21.9396","538.143","155","2020-11-16 18:54:12"
"594","N67_4","1","0.553544","9.16337","5.07233","46.4796","136","2020-11-16 18:54:12"
"595","N7_5","1","0.891868","24.981","22.2797","556.57","158","2020-11-16 18:54:12"
"596","N7_2","1","0.920882","23.3655","21.5169","502.754","135","2020-11-16 18:54:12"
"597","N7_4","1","0.889123","27.2903","24.2645","662.185","158","2020-11-16 18:54:13"
"598","N8_1","1","0.844149","14.682","12.3938","181.965","187","2020-11-16 18:54:13"
"599","N8_3","1","0.891212","19.8988","17.734","352.885","187","2020-11-16 18:54:13"
"600","N9_1","1","0.904889","19.2419","17.4118","335.037","137","2020-11-16 18:54:13"
"601","N8_2","1","0.902194","19.3308","17.4402","337.133","168","2020-11-16 18:54:13"
"602","N7_3","1","0.87517","32.2856","28.2554","912.244","220","2020-11-16 18:54:13"
"603","N8_4","1","0.917462","18.5039","16.9766","314.134","236","2020-11-16 18:54:13"
"604","N9_6","1","0.923896","21.1388","19.5301","412.843","134","2020-11-16 18:54:14"
"605","N8_5","1","0.853751","15.2885","13.0525","199.553","181","2020-11-16 18:54:14"
"606","N9_2","1","0.932669","16.218","15.126","245.312","115","2020-11-16 18:54:14"
"607","N9_5","1","0.932548","16.8215","15.6869","263.878","135","2020-11-16 18:54:14"
"608","T05_3","1","0.911232","18.0888","16.4831","298.16","244","2020-11-16 18:54:14"
"609","N9_4","1","0.93601","26.5954","24.8936","662.054","134","2020-11-16 18:54:15"
"610","T07_1","1","0.87787","9.98995","8.76988","87.6106","116","2020-11-16 18:54:15"
"611","T05_1","1","0.923232","29.3853","27.1295","797.209","216","2020-11-16 18:54:15"
"612","T05_4","1","0.917903","35.2244","32.3326","1138.89","320","2020-11-16 18:54:15"
"613","T07_3","1","0.916751","13.0965","12.0062","157.239","125","2020-11-16 18:54:16"
"614","T05_5","1","0.920282","27.3999","25.2156","690.905","270","2020-11-16 18:54:16"
"615","T07_2","1","0.853022","7.64655","6.52268","49.876","90","2020-11-16 18:54:16"
"616","T05_6","1","0.927492","34.9011","32.3705","1129.77","269","2020-11-16 18:54:16"
"617","T09_2","1","0.852018","15.8995","13.5467","215.386","171","2020-11-16 18:54:17"
"618","T09_1","1","0.820175","13.2454","10.8635","143.891","165","2020-11-16 18:54:17"
"619","T09_4","1","0.882428","16.3069","14.3896","234.65","138","2020-11-16 18:54:17"
"620","T11_1","1","0.886013","12.7422","11.2898","143.857","128","2020-11-16 18:54:17"
"621","T07_4","1","0.894248","10.8636","9.71472","105.536","106","2020-11-16 18:54:17"
"622","T09_3","1","0.768085","8.89309","6.83065","60.7456","176","2020-11-16 18:54:17"
"623","T09_6","1","0.680117","6.63048","4.5095","29.9002","76","2020-11-16 18:54:18"
"624","T11_5","1","0.871771","10.0278","8.74192","87.6619","115","2020-11-16 18:54:18"
"625","T11_2","1","0.870493","8.84835","7.70242","68.1537","104","2020-11-16 18:54:18"
"626","T11_3","1","0.860812","8.23297","7.08703","58.3473","109","2020-11-16 18:54:18"
"627","T18_3","1","0.910458","24.4665","22.2757","545.008","201","2020-11-16 18:54:19"
"628","T12_2","1","0.858577","9.37494","8.0491","75.4599","81","2020-11-16 18:54:19"
"629","T11_4","1","0.865966","8.53532","7.39129","63.087","110","2020-11-16 18:54:19"
"630","T12_1","1","0.902266","14.0317","12.6604","177.647","101","2020-11-16 18:54:19"
"631","T18_7","1","0.921707","25.6246","23.6184","605.211","194","2020-11-16 18:54:19"
"632","T19_2","1","0.892416","15.3902","13.7345","211.376","135","2020-11-16 18:54:19"
"633","T18_4","1","0.927561","18.8926","17.524","331.074","246","2020-11-16 18:54:19"
"634","T18_8","1","0.908584","13.0867","11.8903","155.605","181","2020-11-16 18:54:19"
"635","T18_9","1","0.928609","19.8514","18.4342","365.944","218","2020-11-16 18:54:20"
"636","T19_3","1","0.916216","17.848","16.3526","291.86","178","2020-11-16 18:54:20"
"637","T19_6","1","0.881713","15.1551","13.3624","202.508","120","2020-11-16 18:54:20"
"638","T19_5","1","0.917336","20.366","18.6824","380.486","173","2020-11-16 18:54:20"
"639","T20_3","1","0.771138","13.2701","10.2331","135.795","187","2020-11-16 18:54:21"
"640","T20_1","1","0.784812","14.5388","11.4102","165.891","207","2020-11-16 18:54:21"
"641","T19_9","1","0.929458","24.1055","22.4051","540.086","213","2020-11-16 18:54:21"
"642","T20_4","1","0.76993","15.7188","12.1024","190.235","217","2020-11-16 18:54:22"
"643","T20_2","1","0.780451","15.8049","12.3349","194.953","208","2020-11-16 18:54:22"
"644","T21a_3","1","0.878239","21.3941","18.7891","401.977","345","2020-11-16 18:54:22"
"645","T21a_2","1","0.833502","15.2751","12.7318","194.479","188","2020-11-16 18:54:22"
"646","T20_5","1","0.761508","13.4048","10.2079","136.834","145","2020-11-16 18:54:22"
"647","T21a_1","1","0.891822","12.4296","11.085","137.781","293","2020-11-16 18:54:22"
"648","T21a_4","1","0.681187","33.8749","23.0751","781.666","453","2020-11-16 18:54:23"
"649","T22_2","1","0.931416","23.9588","22.3156","534.654","171","2020-11-16 18:54:23"
"650","T22_1","1","0.922695","26.0394","24.0264","625.634","184","2020-11-16 18:54:23"
"651","T23_3","1","0.765521","9.45459","7.23769","68.4294","179","2020-11-16 18:54:24"
"652","T22_4","1","0.931141","20.202","18.8109","380.018","166","2020-11-16 18:54:24"
"653","T23_1","1","0.860644","19.6935","16.9491","333.786","265","2020-11-16 18:54:24"
"654","T22_3","1","0.93067","25.3405","23.5836","597.62","179","2020-11-16 18:54:24"
"655","T22_5","1","0.907859","17.7225","16.0895","285.146","176","2020-11-16 18:54:24"
"656","T21a_5","1","0.878026","16.4769","14.4672","238.375","196","2020-11-16 18:54:24"
"657","T23_8","1","0.91564","29.8905","27.369","818.073","151","2020-11-16 18:54:24"
"658","T23_5","1","0.881304","28.2874","24.9298","705.197","171","2020-11-16 18:54:25"
"659","T25_1","1","0.873262","19.1357","16.7105","319.766","234","2020-11-16 18:54:25"
"660","T23_4","1","0.911032","28.915","26.3425","761.694","138","2020-11-16 18:54:25"
"661","T25_3","1","0.906781","19.0169","17.2442","327.932","187","2020-11-16 18:54:25"
"662","T25_2","1","0.852057","23.8243","20.2997","483.626","205","2020-11-16 18:54:25"
"663","T25_4","1","0.883122","19.8608","17.5395","348.349","220","2020-11-16 18:54:26"
"664","T25_5","1","0.893029","24.91","22.2453","554.131","213","2020-11-16 18:54:26"
"665","T29_14","1","0.883001","9.81386","8.66565","85.0435","158","2020-11-16 18:54:26"
"666","T29_13","1","0.931247","19.8305","18.4671","366.212","187","2020-11-16 18:54:26"
"667","T29_1","1","0.931887","19.2618","17.9498","345.745","226","2020-11-16 18:54:26"
"668","T29_10","1","0.923841","16.1792","14.947","241.831","178","2020-11-16 18:54:26"
"669","T29_8","1","0.929807","19.5972","18.2216","357.094","229","2020-11-16 18:54:27"
"670","T33_1","1","0.858766","18.8522","16.1897","305.211","246","2020-11-16 18:54:27"
"671","T33_4","1","0.863416","20.3832","17.5992","358.727","246","2020-11-16 18:54:27"
"672","T33_5","1","0.843963","22.1945","18.7313","415.732","250","2020-11-16 18:54:27"
"673","T33_8","1","0.83435","21.8875","18.2619","399.708","232","2020-11-16 18:54:28"
"674","T49_2","1","0.912873","13.9254","12.7121","177.022","119","2020-11-16 18:54:28"
"675","T35_17","1","0.815388","24.5171","19.991","490.122","316","2020-11-16 18:54:28"
"676","T35_7","1","0.864123","17.5702","15.1828","266.764","233","2020-11-16 18:54:29"
"677","T49_1","1","0.947133","23.8638","22.6022","539.375","124","2020-11-16 18:54:29"
"678","T35_3","1","0.859454","16.3138","14.021","228.736","213","2020-11-16 18:54:29"
"679","T35_12","1","0.857908","16.8366","14.4443","243.193","228","2020-11-16 18:54:29"
"680","T50_3","1","0.823275","23.8236","19.6134","467.261","257","2020-11-16 18:54:29"
"681","T50_4","1","0.605413","16.5521","10.0209","165.867","190","2020-11-16 18:54:29"
"682","T33_2","1","0.871645","19.1434","16.6863","319.433","252","2020-11-16 18:54:30"
"683","T35_8","1","0.852921","16.4037","13.9911","229.505","251","2020-11-16 18:54:30"
"684","T51_1","1","0.870681","25.6872","22.3653","574.503","124","2020-11-16 18:54:30"
"685","T51_3","1","0.88723","13.0848","11.6093","151.906","145","2020-11-16 18:54:30"
"686","T50_8","1","0.582798","16.502","9.61731","158.704","170","2020-11-16 18:54:30"
"687","T51_2","1","0.863922","21.0814","18.2127","383.95","111","2020-11-16 18:54:30"
"688","T50_6","1","0.761088","19.5472","14.8772","290.807","227","2020-11-16 18:54:30"
"689","T50_7","1","0.824812","20.1205","16.5956","333.913","183","2020-11-16 18:54:30"
"690","T51_4","1","0.870684","26.3003","22.8992","602.256","138","2020-11-16 18:54:30"
"691","T51_5","1","0.89055","22.5182","20.0536","451.571","128","2020-11-16 18:54:31"
"692","T55_2","1","0.864755","12.0131","10.3884","124.797","148","2020-11-16 18:54:31"
"693","T55_1","1","0.849751","9.58293","8.1431","78.0348","143","2020-11-16 18:54:31"
"694","T55_3","1","0.847516","8.70757","7.3798","64.2601","114","2020-11-16 18:54:31"
"695","T55_5","1","0.839545","9.24006","7.75744","71.6793","130","2020-11-16 18:54:31"
"696","T55_4","1","0.859681","9.74458","8.37723","81.6326","117","2020-11-16 18:54:32"
"697","T56_11","1","0.811484","20.7586","16.8453","349.686","159","2020-11-16 18:54:32"
"698","T56_1","1","0.693025","21.5743","14.9515","322.569","165","2020-11-16 18:54:32"
"699","T56_3","1","0.749006","20.6901","15.4971","320.636","190","2020-11-16 18:54:32"
"700","T56_6","1","0.739554","22.8654","16.9102","386.658","151","2020-11-16 18:54:33"
"701","T57_3","1","0.832169","58.6039","48.7683","2858.01","586","2020-11-16 18:54:33"
"702","T56_4","1","0.806203","19.0537","15.3611","292.686","170","2020-11-16 18:54:33"
"703","T57_4","1","0.826503","50.3199","41.5895","2092.78","503","2020-11-16 18:54:33"
"704","T57_2","1","0.807214","59.4084","47.9553","2848.94","632","2020-11-16 18:54:33"
"705","T57_5","1","0.8094","38.3896","31.0726","1192.86","433","2020-11-16 18:54:34"
"706","T58_1","1","0.875475","8.64779","7.57092","65.4717","126","2020-11-16 18:54:34"
"707","T57_6","1","0.925401","14.2996","13.2329","189.225","173","2020-11-16 18:54:34"
"708","T58_3","1","0.698903","4.52147","3.16007","14.2882","61","2020-11-16 18:54:35"
"709","T58_2","1","0.916226","13.1679","12.0648","158.868","128","2020-11-16 18:54:35"
"710","T58_5","1","0.92305","21.8185","20.1396","439.416","156","2020-11-16 18:54:35"
"711","T59_2","1","0.900732","21.0155","18.9293","397.81","249","2020-11-16 18:54:35"
"712","T58_4","1","0.922417","36.3232","33.5052","1217.02","201","2020-11-16 18:54:35"
"713","T59_1","1","0.89276","20.7247","18.5022","383.452","255","2020-11-16 18:54:35"
"714","T60_1","1","0.934322","24.6533","23.0341","567.869","122","2020-11-16 18:54:36"
"715","T59_3","1","0.900611","20.9009","18.8236","393.43","283","2020-11-16 18:54:36"
"716","T59_5","1","0.886185","20.658","18.3068","378.182","258","2020-11-16 18:54:36"
"717","T59_4","1","0.899452","21.2629","19.125","406.654","242","2020-11-16 18:54:36"
"718","T60_3","1","0.910736","17.8502","16.2568","290.188","100","2020-11-16 18:54:36"
"719","T60_2","1","0.944363","23.6053","22.292","526.208","138","2020-11-16 18:54:36"
"720","T60_4","1","0.91387","17.8168","16.2823","290.098","94","2020-11-16 18:54:36"
"721","T60_5","1","0.904325","17.4335","15.7656","274.849","99","2020-11-16 18:54:36"
"722","T62_2","1","0.823467","12.5377","10.3244","129.445","113","2020-11-16 18:54:37"
"723","T62_3","1","0.810867","11.6077","9.41228","109.255","99","2020-11-16 18:54:37"
"724","T62_4","1","0.798831","11.2077","8.95305","100.343","108","2020-11-16 18:54:37"
"725","T63_2","1","0.808386","6.48937","5.24592","34.0427","134","2020-11-16 18:54:37"
"726","T62_6","1","0.849658","12.8078","10.8823","139.378","115","2020-11-16 18:54:37"
"727","T63_1","1","0.824576","7.10275","5.85676","41.5991","119","2020-11-16 18:54:37"
"728","T62_5","1","0.813269","10.9633","8.91615","97.7508","72","2020-11-16 18:54:37"
"729","T63_4","1","0.792052","6.52978","5.17192","33.7715","116","2020-11-16 18:54:38"
"730","T63_3","1","0.836083","7.9281","6.62855","52.5518","140","2020-11-16 18:54:38"
"731","T63_6","1","0.817668","6.7646","5.5312","37.4164","140","2020-11-16 18:54:38"
"732","T64_1","1","0.909933","16.526","15.0376","248.511","164","2020-11-16 18:54:39"
"733","T64_2","1","0.923006","21.119","19.493","411.672","166","2020-11-16 18:54:39"
"734","T64_3","1","0.903265","19.3607","17.4879","338.577","167","2020-11-16 18:54:39"
"735","T64_5","1","0.902156","18.6459","16.8215","313.653","174","2020-11-16 18:54:39"
"736","T64_4","1","0.908119","18.757","17.0336","319.498","174","2020-11-16 18:54:39"
"737","T65_1","1","0.919006","17.9659","16.5108","296.632","115","2020-11-16 18:54:40"
"738","T65_3","1","0.829489","15.5286","12.8808","200.021","101","2020-11-16 18:54:40"
"739","T65_2","1","0.930929","21.911","20.3976","446.933","111","2020-11-16 18:54:40"
"740","T65_4","1","0.755768","11.745","8.87649","104.254","93","2020-11-16 18:54:40"
"741","T67a_6","1","0.905836","15.9909","14.4851","231.631","155","2020-11-16 18:54:41"
"742","T67a_1","1","0.892166","19.4428","17.3462","337.257","185","2020-11-16 18:54:41"
"743","T67a_2","1","0.910342","14.1975","12.9246","183.496","161","2020-11-16 18:54:41"
"744","T67a_5","1","0.861282","12.8502","11.0676","142.22","169","2020-11-16 18:54:41"
"745","T65_5","1","0.921401","15.8336","14.5891","230.999","95","2020-11-16 18:54:42"
"746","T67a_7","1","0.888225","17.0737","15.1653","258.928","157","2020-11-16 18:54:42"
"747","T67b_2","1","0.92007","18.3824","16.9131","310.904","132","2020-11-16 18:54:42"
"748","T67b_1","1","0.942044","26.418","24.8869","657.464","185","2020-11-16 18:54:42"
"749","T67b_4","1","0.929454","28.9537","26.9111","779.178","190","2020-11-16 18:54:42"
"750","T67b_5","1","0.940953","21.6251","20.3482","440.032","136","2020-11-16 18:54:42"
"751","T67b_7","1","0.935597","20.7053","19.3719","401.101","178","2020-11-16 18:54:42"
"752","T68_1","1","0.869072","16.8854","14.6746","247.786","99","2020-11-16 18:54:42"
"753","T68_5","1","0.840972","14.7273","12.3852","182.401","133","2020-11-16 18:54:43"
"754","T68_3","1","0.868666","12.615","10.9582","138.239","86","2020-11-16 18:54:43"
"755","T68_6","1","0.847612","11.0795","9.39115","104.05","125","2020-11-16 18:54:43"
"756","T69_5","1","0.771672","9.8479","7.59935","74.8376","98","2020-11-16 18:54:43"
"757","T69_1","1","0.786303","9.58541","7.53704","72.2456","193","2020-11-16 18:54:43"
"758","T68_2","1","0.871719","16.3723","14.2721","233.667","86","2020-11-16 18:54:43"
"759","T69_3","1","0.737478","7.85875","5.79565","45.5466","114","2020-11-16 18:54:43"
"760","T69_2","1","0.76456","8.85011","6.76644","59.8837","135","2020-11-16 18:54:43"
"761","T69_4","1","0.8032","12.2775","9.86131","121.072","130","2020-11-16 18:54:44"
"762","T70_1","1","0.862204","15.5919","13.4434","209.61","114","2020-11-16 18:54:44"
"763","T70_2","1","0.751331","24.8184","18.6469","462.785","155","2020-11-16 18:54:44"
"764","T70_4","1","0.814773","17.9295","14.6085","261.922","204","2020-11-16 18:54:45"
"765","T70_3","1","0.819624","18.0788","14.8178","267.888","105","2020-11-16 18:54:45"
"766","T70_5","1","0.869837","21.6155","18.802","406.415","233","2020-11-16 18:54:45"
"767","T71_1","1","0.891862","39.51","35.2374","1392.23","372","2020-11-16 18:54:45"
"768","T71_2","1","0.865964","13.3009","11.5181","153.202","107","2020-11-16 18:54:46"
"769","T71_5","1","0.828973","14.1721","11.7483","166.497","150","2020-11-16 18:54:46"
"770","T72_3","1","0.930862","22.6491","21.0832","477.514","112","2020-11-16 18:54:46"
"771","T71_3","1","0.793586","9.56236","7.58856","72.5645","96","2020-11-16 18:54:46"
"772","T72_6","1","0.94981","27.357","25.984","710.844","121","2020-11-16 18:54:47"
"773","T72_1","1","0.935103","19.1756","17.9311","343.839","169","2020-11-16 18:54:47"
"774","T72_7","1","0.945268","26.8696","25.399","682.462","141","2020-11-16 18:54:47"
"775","T72_4","1","0.952835","28.0157","26.6943","747.86","162","2020-11-16 18:54:48"
"776","T73_4","1","0.686783","11.9867","8.23228","98.678","81","2020-11-16 18:54:48"
"777","T73_1","1","0.922842","26.1041","24.09","628.846","118","2020-11-16 18:54:48"
"778","T73_3","1","0.699609","12.0918","8.45956","102.292","81","2020-11-16 18:54:48"
"779","T73_5","1","0.825908","13.6806","11.2989","154.576","85","2020-11-16 18:54:48"
"780","T74_1","1","0.923311","20.5236","18.9497","388.916","228","2020-11-16 18:54:48"
"781","T74_6","1","0.906688","15.2843","13.8581","211.812","115","2020-11-16 18:54:49"
"782","T74_2","1","0.879644","10.9981","9.6744","106.4","108","2020-11-16 18:54:49"
"783","T73_2","1","0.934118","18.4173","17.204","316.851","87","2020-11-16 18:54:49"
"784","T74_5","1","0.865583","11.6862","10.1154","118.21","111","2020-11-16 18:54:49"
"785","T76_1","1","0.918101","34.6141","31.7792","1100.01","418","2020-11-16 18:54:49"
"786","T76_4","1","0.9119","42.3674","38.6348","1636.86","445","2020-11-16 18:54:49"
"787","T76_2","1","0.90337","38.9873","35.22","1373.13","574","2020-11-16 18:54:50"
"788","T76_3","1","0.871861","33.407","29.1263","973.022","406","2020-11-16 18:54:50"
"789","T82_3","1","0.836007","13.5951","11.3656","154.517","173","2020-11-16 18:54:50"
"790","T74_4","1","0.881437","11.329","9.98582","113.13","116","2020-11-16 18:54:50"
"791","T82_1","1","0.862214","14.0238","12.0915","169.568","164","2020-11-16 18:54:50"
"792","T82_2","1","0.858766","19.9629","17.1435","342.235","178","2020-11-16 18:54:50"
"793","T82_4","1","0.854004","10.2682","8.76904","90.0419","133","2020-11-16 18:54:50"
"794","T84_1","1","0.898316","17.1784","15.4316","265.089","189","2020-11-16 18:54:50"
"795","T76_5","1","0.916545","31.6706","29.0276","919.322","301","2020-11-16 18:54:51"
"796","T82_5","1","0.767251","19.3387","14.8376","286.94","290","2020-11-16 18:54:51"
"797","T84_4","1","0.916418","17.7545","16.2706","288.876","142","2020-11-16 18:54:51"
"798","T84_3","1","0.930947","21.5924","20.1014","434.039","176","2020-11-16 18:54:51"
"799","T85_1","1","0.825948","7.60025","6.27741","47.7098","63","2020-11-16 18:54:52"
"800","T84_2","1","0.949587","25.0553","23.7922","596.12","155","2020-11-16 18:54:52"
"801","T86_2","1","0.896957","13.9426","12.5059","174.364","78","2020-11-16 18:54:52"
"802","T86_1","1","0.910578","13.713","12.4868","171.232","93","2020-11-16 18:54:52"
"803","T85_2","1","0.859263","9.30831","7.99829","74.4506","99","2020-11-16 18:54:52"
"804","T86_3","1","0.922155","15.5358","14.3264","222.571","95","2020-11-16 18:54:52"
"805","T86_5","1","0.908222","49.7946","45.2245","2251.94","324","2020-11-16 18:54:53"
"806","T86_4","1","0.890502","12.7611","11.3638","145.014","96","2020-11-16 18:54:53"
